Datetime,Close
2026-05-28 13:30:00+00:00,101.05000305175781
2026-05-28 13:31:00+00:00,100.93000030517578
2026-05-28 13:33:00+00:00,100.59500122070312
2026-05-28 13:34:00+00:00,100.33499908447266
2026-05-28 13:35:00+00:00,99.86000061035156
2026-05-28 13:36:00+00:00,100.08000183105469
2026-05-28 13:38:00+00:00,100.08499908447266
2026-05-28 13:39:00+00:00,100.58999633789062
2026-05-28 13:40:00+00:00,100.4000015258789
2026-05-28 13:41:00+00:00,100.31500244140625
2026-05-28 13:43:00+00:00,100.63999938964844
2026-05-28 13:44:00+00:00,100.86000061035156
2026-05-28 13:46:00+00:00,100.80500030517578
2026-05-28 13:47:00+00:00,101.0
2026-05-28 13:48:00+00:00,101.08999633789062
2026-05-28 13:49:00+00:00,100.62000274658203
2026-05-28 13:50:00+00:00,100.68000030517578
2026-05-28 13:51:00+00:00,100.83999633789062
2026-05-28 13:52:00+00:00,100.75
2026-05-28 13:53:00+00:00,100.87999725341797
2026-05-28 13:54:00+00:00,100.91500091552734
2026-05-28 13:56:00+00:00,100.95999908447266
2026-05-28 13:57:00+00:00,100.87999725341797
2026-05-28 13:58:00+00:00,100.81999969482422
2026-05-28 13:59:00+00:00,100.86000061035156
2026-05-28 14:00:00+00:00,101.13999938964844
2026-05-28 14:01:00+00:00,101.36000061035156
2026-05-28 14:02:00+00:00,101.02999877929688
2026-05-28 14:03:00+00:00,101.16999816894531
2026-05-28 14:05:00+00:00,101.0
2026-05-28 14:06:00+00:00,100.83000183105469
2026-05-28 14:07:00+00:00,100.83000183105469
2026-05-28 14:08:00+00:00,100.70999908447266
2026-05-28 14:09:00+00:00,100.5199966430664
2026-05-28 14:10:00+00:00,100.47000122070312
2026-05-28 14:11:00+00:00,100.38999938964844
2026-05-28 14:12:00+00:00,100.81999969482422
2026-05-28 14:13:00+00:00,101.51000213623047
2026-05-28 14:14:00+00:00,101.625
2026-05-28 14:15:00+00:00,101.83499908447266
2026-05-28 14:16:00+00:00,101.91999816894531
2026-05-28 14:17:00+00:00,101.75499725341797
2026-05-28 14:18:00+00:00,101.75499725341797
2026-05-28 14:20:00+00:00,101.44499969482422
2026-05-28 14:21:00+00:00,101.46499633789062
2026-05-28 14:22:00+00:00,101.5
2026-05-28 14:23:00+00:00,101.56999969482422
2026-05-28 14:24:00+00:00,101.75
2026-05-28 14:25:00+00:00,101.6500015258789
2026-05-28 14:26:00+00:00,101.88999938964844
2026-05-28 14:27:00+00:00,101.80500030517578
2026-05-28 14:28:00+00:00,101.77999877929688
2026-05-28 14:29:00+00:00,101.83000183105469
2026-05-28 14:30:00+00:00,101.80000305175781
2026-05-28 14:31:00+00:00,102.03500366210938
2026-05-28 14:32:00+00:00,101.65499877929688
2026-05-28 14:33:00+00:00,101.63480377197266
2026-05-28 14:36:00+00:00,101.71659851074219
2026-05-28 14:38:00+00:00,101.69000244140625
2026-05-28 14:39:00+00:00,101.7938003540039
2026-05-28 14:40:00+00:00,101.80500030517578
2026-05-28 14:41:00+00:00,101.73999786376953
2026-05-28 14:42:00+00:00,101.72000122070312
2026-05-28 14:43:00+00:00,101.72000122070312
2026-05-28 14:44:00+00:00,101.73500061035156
2026-05-28 14:45:00+00:00,101.79000091552734
2026-05-28 14:46:00+00:00,101.77999877929688
2026-05-28 14:47:00+00:00,101.91999816894531
2026-05-28 14:48:00+00:00,102.04000091552734
2026-05-28 14:49:00+00:00,102.04499816894531
2026-05-28 14:50:00+00:00,102.06999969482422
2026-05-28 14:51:00+00:00,101.94000244140625
2026-05-28 14:52:00+00:00,101.98500061035156
2026-05-28 14:54:00+00:00,102.1500015258789
2026-05-28 14:55:00+00:00,102.06999969482422
2026-05-28 14:56:00+00:00,101.93000030517578
2026-05-28 14:58:00+00:00,101.80000305175781
2026-05-28 14:59:00+00:00,101.87999725341797
2026-05-28 15:02:00+00:00,101.875
2026-05-28 15:03:00+00:00,102.01000213623047
2026-05-28 15:05:00+00:00,102.5199966430664
2026-05-28 15:06:00+00:00,102.58000183105469
2026-05-28 15:07:00+00:00,102.71499633789062
2026-05-28 15:08:00+00:00,102.71499633789062
2026-05-28 15:09:00+00:00,102.63999938964844
2026-05-28 15:11:00+00:00,102.63999938964844
2026-05-28 15:12:00+00:00,102.625
2026-05-28 15:13:00+00:00,102.75
2026-05-28 15:14:00+00:00,102.7300033569336
2026-05-28 15:15:00+00:00,102.52999877929688
2026-05-28 15:17:00+00:00,102.50499725341797
2026-05-28 15:19:00+00:00,102.44000244140625
2026-05-28 15:24:00+00:00,102.33000183105469
2026-05-28 15:25:00+00:00,102.19000244140625
2026-05-28 15:26:00+00:00,101.96499633789062
2026-05-28 15:27:00+00:00,102.18499755859375
2026-05-28 15:28:00+00:00,101.9000015258789
2026-05-28 15:29:00+00:00,101.83999633789062
2026-05-28 15:30:00+00:00,101.98999786376953
2026-05-28 15:31:00+00:00,101.58000183105469
2026-05-28 15:32:00+00:00,101.30000305175781
2026-05-28 15:34:00+00:00,101.4749984741211
2026-05-28 15:35:00+00:00,101.5199966430664
2026-05-28 15:36:00+00:00,101.51000213623047
2026-05-28 15:37:00+00:00,101.50499725341797
2026-05-28 15:38:00+00:00,101.37999725341797
2026-05-28 15:39:00+00:00,101.37449645996094
2026-05-28 15:40:00+00:00,101.52999877929688
2026-05-28 15:41:00+00:00,101.58000183105469
2026-05-28 15:42:00+00:00,101.47000122070312
2026-05-28 15:45:00+00:00,101.48500061035156
2026-05-28 15:46:00+00:00,101.41999816894531
2026-05-28 15:47:00+00:00,101.44000244140625
2026-05-28 15:48:00+00:00,101.49120330810547
2026-05-28 15:49:00+00:00,100.91000366210938
2026-05-28 15:50:00+00:00,100.53500366210938
2026-05-28 15:51:00+00:00,100.27999877929688
2026-05-28 15:52:00+00:00,100.26499938964844
2026-05-28 15:53:00+00:00,100.38999938964844
2026-05-28 15:54:00+00:00,100.45999908447266
2026-05-28 15:55:00+00:00,100.48500061035156
2026-05-28 15:56:00+00:00,100.33999633789062
2026-05-28 15:57:00+00:00,100.48500061035156
2026-05-28 15:58:00+00:00,100.48500061035156
2026-05-28 15:59:00+00:00,100.69999694824219
2026-05-28 16:00:00+00:00,100.54499816894531
2026-05-28 16:01:00+00:00,100.66000366210938
2026-05-28 16:02:00+00:00,100.66000366210938
2026-05-28 16:03:00+00:00,100.66500091552734
2026-05-28 16:04:00+00:00,100.66999816894531
2026-05-28 16:05:00+00:00,100.4000015258789
2026-05-28 16:06:00+00:00,100.27999877929688
2026-05-28 16:07:00+00:00,100.22000122070312
2026-05-28 16:08:00+00:00,100.2145004272461
2026-05-28 16:09:00+00:00,100.08999633789062
2026-05-28 16:10:00+00:00,100.23999786376953
2026-05-28 16:13:00+00:00,100.25
2026-05-28 16:14:00+00:00,100.12999725341797
2026-05-28 16:15:00+00:00,100.31500244140625
2026-05-28 16:16:00+00:00,100.44000244140625
2026-05-28 16:17:00+00:00,100.47000122070312
2026-05-28 16:18:00+00:00,100.48500061035156
2026-05-28 16:20:00+00:00,100.48999786376953
2026-05-28 16:21:00+00:00,100.2699966430664
2026-05-28 16:22:00+00:00,100.33000183105469
2026-05-28 16:23:00+00:00,100.29000091552734
2026-05-28 16:24:00+00:00,100.40750122070312
2026-05-28 16:25:00+00:00,100.36000061035156
2026-05-28 16:26:00+00:00,100.41000366210938
2026-05-28 16:27:00+00:00,100.41000366210938
2026-05-28 16:28:00+00:00,100.31999969482422
2026-05-28 16:29:00+00:00,100.36000061035156
2026-05-28 16:30:00+00:00,100.37999725341797
2026-05-28 16:31:00+00:00,100.69000244140625
2026-05-28 16:32:00+00:00,100.70999908447266
2026-05-28 16:33:00+00:00,100.61000061035156
2026-05-28 16:34:00+00:00,100.72000122070312
2026-05-28 16:35:00+00:00,100.61000061035156
2026-05-28 16:36:00+00:00,100.66500091552734
2026-05-28 16:37:00+00:00,100.69999694824219
2026-05-28 16:38:00+00:00,100.61000061035156
2026-05-28 16:39:00+00:00,100.55999755859375
2026-05-28 16:40:00+00:00,100.5199966430664
2026-05-28 16:41:00+00:00,100.48999786376953
2026-05-28 16:42:00+00:00,100.5199966430664
2026-05-28 16:43:00+00:00,100.51000213623047
2026-05-28 16:44:00+00:00,100.55000305175781
2026-05-28 16:45:00+00:00,100.56999969482422
2026-05-28 16:46:00+00:00,100.67500305175781
2026-05-28 16:47:00+00:00,100.69000244140625
2026-05-28 16:48:00+00:00,100.62999725341797
2026-05-28 16:49:00+00:00,100.7699966430664
2026-05-28 16:50:00+00:00,100.82599639892578
2026-05-28 16:52:00+00:00,100.7699966430664
2026-05-28 16:53:00+00:00,100.7699966430664
2026-05-28 16:54:00+00:00,100.74500274658203
2026-05-28 16:55:00+00:00,100.7249984741211
2026-05-28 16:56:00+00:00,101.08000183105469
2026-05-28 16:57:00+00:00,101.02999877929688
2026-05-28 16:59:00+00:00,101.20999908447266
2026-05-28 17:00:00+00:00,101.68000030517578
2026-05-28 17:01:00+00:00,101.94999694824219
2026-05-28 17:02:00+00:00,102.37999725341797
2026-05-28 17:03:00+00:00,102.46499633789062
2026-05-28 17:04:00+00:00,102.32499694824219
2026-05-28 17:05:00+00:00,102.30000305175781
2026-05-28 17:06:00+00:00,102.2750015258789
2026-05-28 17:07:00+00:00,102.25409698486328
2026-05-28 17:08:00+00:00,102.1449966430664
2026-05-28 17:09:00+00:00,102.07689666748047
2026-05-28 17:10:00+00:00,101.8499984741211
2026-05-28 17:11:00+00:00,101.9000015258789
2026-05-28 17:12:00+00:00,101.98999786376953
2026-05-28 17:13:00+00:00,102.08999633789062
2026-05-28 17:14:00+00:00,101.95999908447266
2026-05-28 17:15:00+00:00,102.05169677734375
2026-05-28 17:16:00+00:00,102.08499908447266
2026-05-28 17:17:00+00:00,102.0999984741211
2026-05-28 17:18:00+00:00,102.1583023071289
2026-05-28 17:19:00+00:00,102.08000183105469
2026-05-28 17:20:00+00:00,102.20999908447266
2026-05-28 17:21:00+00:00,102.1050033569336
2026-05-28 17:22:00+00:00,102.1050033569336
2026-05-28 17:23:00+00:00,102.1050033569336
2026-05-28 17:24:00+00:00,102.0199966430664
2026-05-28 17:25:00+00:00,102.0199966430664
2026-05-28 17:27:00+00:00,102.1050033569336
2026-05-28 17:28:00+00:00,102.07499694824219
2026-05-28 17:29:00+00:00,102.08000183105469
2026-05-28 17:30:00+00:00,102.12999725341797
2026-05-28 17:31:00+00:00,102.1500015258789
2026-05-28 17:32:00+00:00,102.19989776611328
2026-05-28 17:33:00+00:00,102.12000274658203
2026-05-28 17:34:00+00:00,102.23999786376953
2026-05-28 17:35:00+00:00,102.21499633789062
2026-05-28 17:36:00+00:00,102.33000183105469
2026-05-28 17:37:00+00:00,102.30500030517578
2026-05-28 17:38:00+00:00,102.31999969482422
2026-05-28 17:39:00+00:00,102.33499908447266
2026-05-28 17:40:00+00:00,102.20999908447266
2026-05-28 17:41:00+00:00,102.05000305175781
2026-05-28 17:42:00+00:00,101.97000122070312
2026-05-28 17:43:00+00:00,101.91000366210938
2026-05-28 17:44:00+00:00,101.91999816894531
2026-05-28 17:45:00+00:00,101.61000061035156
2026-05-28 17:46:00+00:00,101.71499633789062
2026-05-28 17:47:00+00:00,101.87000274658203
2026-05-28 17:48:00+00:00,101.94000244140625
2026-05-28 17:49:00+00:00,101.80500030517578
2026-05-28 17:50:00+00:00,101.88999938964844
2026-05-28 17:51:00+00:00,101.88999938964844
2026-05-28 17:52:00+00:00,101.875
2026-05-28 17:53:00+00:00,101.78500366210938
2026-05-28 17:54:00+00:00,101.75
2026-05-28 17:55:00+00:00,101.74500274658203
2026-05-28 17:56:00+00:00,101.7300033569336
2026-05-28 17:57:00+00:00,101.7300033569336
2026-05-28 17:58:00+00:00,101.69999694824219
2026-05-28 17:59:00+00:00,101.73999786376953
2026-05-28 18:00:00+00:00,101.79499816894531
2026-05-28 18:01:00+00:00,101.73999786376953
2026-05-28 18:02:00+00:00,101.69999694824219
2026-05-28 18:03:00+00:00,101.69499969482422
2026-05-28 18:04:00+00:00,101.70500183105469
2026-05-28 18:05:00+00:00,101.76000213623047
2026-05-28 18:06:00+00:00,101.80000305175781
2026-05-28 18:07:00+00:00,101.77999877929688
2026-05-28 18:08:00+00:00,101.75
2026-05-28 18:09:00+00:00,101.76499938964844
2026-05-28 18:10:00+00:00,101.67500305175781
2026-05-28 18:11:00+00:00,101.54000091552734
2026-05-28 18:12:00+00:00,101.62999725341797
2026-05-28 18:13:00+00:00,101.70999908447266
2026-05-28 18:14:00+00:00,101.70999908447266
2026-05-28 18:15:00+00:00,101.74500274658203
2026-05-28 18:16:00+00:00,101.80000305175781
2026-05-28 18:17:00+00:00,101.81999969482422
2026-05-28 18:18:00+00:00,101.87999725341797
2026-05-28 18:19:00+00:00,101.80000305175781
2026-05-28 18:21:00+00:00,101.80000305175781
2026-05-28 18:22:00+00:00,101.81999969482422
2026-05-28 18:24:00+00:00,101.77999877929688
2026-05-28 18:25:00+00:00,101.81500244140625
2026-05-28 18:26:00+00:00,101.83000183105469
2026-05-28 18:27:00+00:00,101.83000183105469
2026-05-28 18:30:00+00:00,101.80999755859375
2026-05-28 18:31:00+00:00,101.7750015258789
2026-05-28 18:32:00+00:00,101.76499938964844
2026-05-28 18:34:00+00:00,101.76499938964844
2026-05-28 18:35:00+00:00,101.80999755859375
2026-05-28 18:37:00+00:00,101.7750015258789
2026-05-28 18:40:00+00:00,101.75
2026-05-28 18:41:00+00:00,101.80000305175781
2026-05-28 18:42:00+00:00,101.75
2026-05-28 18:43:00+00:00,101.81999969482422
2026-05-28 18:44:00+00:00,101.79499816894531
2026-05-28 18:46:00+00:00,101.76100158691406
2026-05-28 18:47:00+00:00,101.79499816894531
2026-05-28 18:48:00+00:00,101.79499816894531
2026-05-28 18:49:00+00:00,101.7699966430664
2026-05-28 18:50:00+00:00,101.83999633789062
2026-05-28 18:51:00+00:00,101.8949966430664
2026-05-28 18:53:00+00:00,101.83499908447266
2026-05-28 18:54:00+00:00,101.83999633789062
2026-05-28 18:55:00+00:00,101.83999633789062
2026-05-28 18:56:00+00:00,101.83999633789062
2026-05-28 18:57:00+00:00,101.90499877929688
2026-05-28 18:58:00+00:00,101.87000274658203
2026-05-28 18:59:00+00:00,101.8499984741211
2026-05-28 19:00:00+00:00,101.8550033569336
2026-05-28 19:01:00+00:00,101.8499984741211
2026-05-28 19:02:00+00:00,101.87000274658203
2026-05-28 19:03:00+00:00,101.93000030517578
2026-05-28 19:04:00+00:00,101.91500091552734
2026-05-28 19:05:00+00:00,101.8499984741211
2026-05-28 19:06:00+00:00,102.0199966430664
2026-05-28 19:07:00+00:00,101.9000015258789
2026-05-28 19:08:00+00:00,101.82499694824219
2026-05-28 19:09:00+00:00,101.83000183105469
2026-05-28 19:11:00+00:00,101.77999877929688
2026-05-28 19:12:00+00:00,101.68000030517578
2026-05-28 19:13:00+00:00,101.76499938964844
2026-05-28 19:16:00+00:00,101.95819854736328
2026-05-28 19:19:00+00:00,101.97000122070312
2026-05-28 19:20:00+00:00,101.97000122070312
2026-05-28 19:21:00+00:00,101.87000274658203
2026-05-28 19:22:00+00:00,101.79499816894531
2026-05-28 19:26:00+00:00,101.99500274658203
2026-05-28 19:27:00+00:00,102.0199966430664
2026-05-28 19:28:00+00:00,102.02999877929688
2026-05-28 19:29:00+00:00,102.12000274658203
2026-05-28 19:30:00+00:00,101.9800033569336
2026-05-28 19:31:00+00:00,101.91999816894531
2026-05-28 19:32:00+00:00,101.91500091552734
2026-05-28 19:33:00+00:00,101.9800033569336
2026-05-28 19:34:00+00:00,101.92500305175781
2026-05-28 19:35:00+00:00,101.84500122070312
2026-05-28 19:36:00+00:00,101.84500122070312
2026-05-28 19:37:00+00:00,101.7699966430664
2026-05-28 19:38:00+00:00,101.77999877929688
2026-05-28 19:39:00+00:00,101.80000305175781
2026-05-28 19:40:00+00:00,101.79000091552734
2026-05-28 19:41:00+00:00,101.8239974975586
2026-05-28 19:42:00+00:00,101.8499984741211
2026-05-28 19:43:00+00:00,101.69000244140625
2026-05-28 19:44:00+00:00,101.66000366210938
2026-05-28 19:45:00+00:00,101.54000091552734
2026-05-28 19:46:00+00:00,101.53500366210938
2026-05-28 19:47:00+00:00,101.5
2026-05-28 19:48:00+00:00,101.5
2026-05-28 19:49:00+00:00,101.48999786376953
2026-05-28 19:50:00+00:00,101.44000244140625
2026-05-28 19:51:00+00:00,101.38999938964844
2026-05-28 19:52:00+00:00,101.3499984741211
2026-05-28 19:53:00+00:00,101.40499877929688
2026-05-28 19:54:00+00:00,101.48999786376953
2026-05-28 19:55:00+00:00,101.47000122070312
2026-05-28 19:56:00+00:00,101.46499633789062
2026-05-28 19:57:00+00:00,101.51000213623047
2026-05-28 19:58:00+00:00,101.48999786376953
2026-05-28 19:59:00+00:00,101.55000305175781
2026-05-29 13:30:00+00:00,101.54499816894531
2026-05-29 13:31:00+00:00,101.2249984741211
2026-05-29 13:32:00+00:00,101.26000213623047
2026-05-29 13:33:00+00:00,101.05000305175781
2026-05-29 13:34:00+00:00,100.8499984741211
2026-05-29 13:35:00+00:00,100.9800033569336
2026-05-29 13:40:00+00:00,101.43499755859375
2026-05-29 13:41:00+00:00,101.18789672851562
2026-05-29 13:43:00+00:00,101.56500244140625
2026-05-29 13:44:00+00:00,101.56500244140625
2026-05-29 13:45:00+00:00,101.66999816894531
2026-05-29 13:46:00+00:00,101.44000244140625
2026-05-29 13:47:00+00:00,101.63999938964844
2026-05-29 13:48:00+00:00,101.6449966430664
2026-05-29 13:49:00+00:00,101.83499908447266
2026-05-29 13:50:00+00:00,101.69999694824219
2026-05-29 13:52:00+00:00,101.57009887695312
2026-05-29 13:53:00+00:00,101.95999908447266
2026-05-29 13:54:00+00:00,101.94999694824219
2026-05-29 13:55:00+00:00,101.94499969482422
2026-05-29 13:56:00+00:00,102.0250015258789
2026-05-29 13:57:00+00:00,102.0199966430664
2026-05-29 13:58:00+00:00,101.94499969482422
2026-05-29 13:59:00+00:00,101.94999694824219
2026-05-29 14:00:00+00:00,102.00499725341797
2026-05-29 14:01:00+00:00,101.86000061035156
2026-05-29 14:02:00+00:00,101.74500274658203
2026-05-29 14:03:00+00:00,101.70999908447266
2026-05-29 14:04:00+00:00,101.86000061035156
2026-05-29 14:05:00+00:00,101.8550033569336
2026-05-29 14:06:00+00:00,101.96109771728516
2026-05-29 14:07:00+00:00,102.19499969482422
2026-05-29 14:08:00+00:00,102.33999633789062
2026-05-29 14:09:00+00:00,102.46990203857422
2026-05-29 14:11:00+00:00,102.45999908447266
2026-05-29 14:13:00+00:00,102.16999816894531
2026-05-29 14:15:00+00:00,102.10009765625
2026-05-29 14:16:00+00:00,102.04000091552734
2026-05-29 14:17:00+00:00,101.98750305175781
2026-05-29 14:18:00+00:00,101.9000015258789
2026-05-29 14:19:00+00:00,101.94999694824219
2026-05-29 14:20:00+00:00,102.00479888916016
2026-05-29 14:21:00+00:00,102.16000366210938
2026-05-29 14:22:00+00:00,102.11499786376953
2026-05-29 14:23:00+00:00,102.06999969482422
2026-05-29 14:24:00+00:00,102.05000305175781
2026-05-29 14:25:00+00:00,102.0999984741211
2026-05-29 14:26:00+00:00,102.05999755859375
2026-05-29 14:27:00+00:00,102.12999725341797
2026-05-29 14:28:00+00:00,102.16999816894531
2026-05-29 14:30:00+00:00,102.01000213623047
2026-05-29 14:31:00+00:00,101.97000122070312
2026-05-29 14:32:00+00:00,101.88999938964844
2026-05-29 14:34:00+00:00,101.87000274658203
2026-05-29 14:35:00+00:00,101.875
2026-05-29 14:36:00+00:00,101.9800033569336
2026-05-29 14:38:00+00:00,101.9800033569336
2026-05-29 14:39:00+00:00,102.1500015258789
2026-05-29 14:40:00+00:00,102.12000274658203
2026-05-29 14:41:00+00:00,102.16999816894531
2026-05-29 14:42:00+00:00,102.1500015258789
2026-05-29 14:43:00+00:00,102.26000213623047
2026-05-29 14:44:00+00:00,102.19000244140625
2026-05-29 14:46:00+00:00,102.0988998413086
2026-05-29 14:47:00+00:00,102.19999694824219
2026-05-29 14:48:00+00:00,102.16000366210938
2026-05-29 14:49:00+00:00,101.93000030517578
2026-05-29 14:50:00+00:00,102.05999755859375
2026-05-29 14:51:00+00:00,102.04000091552734
2026-05-29 14:52:00+00:00,102.06500244140625
2026-05-29 14:53:00+00:00,102.1500015258789
2026-05-29 14:54:00+00:00,102.23999786376953
2026-05-29 14:56:00+00:00,102.29000091552734
2026-05-29 14:57:00+00:00,102.18499755859375
2026-05-29 14:58:00+00:00,102.30000305175781
2026-05-29 14:59:00+00:00,102.04499816894531
2026-05-29 15:01:00+00:00,102.12000274658203
2026-05-29 15:02:00+00:00,102.04000091552734
2026-05-29 15:06:00+00:00,102.01499938964844
2026-05-29 15:07:00+00:00,101.80000305175781
2026-05-29 15:08:00+00:00,101.75
2026-05-29 15:10:00+00:00,101.81999969482422
2026-05-29 15:11:00+00:00,101.9000015258789
2026-05-29 15:12:00+00:00,101.91999816894531
2026-05-29 15:13:00+00:00,101.875
2026-05-29 15:15:00+00:00,102.0
2026-05-29 15:17:00+00:00,101.91000366210938
2026-05-29 15:19:00+00:00,101.91940307617188
2026-05-29 15:20:00+00:00,101.91999816894531
2026-05-29 15:21:00+00:00,101.94999694824219
2026-05-29 15:22:00+00:00,102.02999877929688
2026-05-29 15:23:00+00:00,102.22000122070312
2026-05-29 15:24:00+00:00,102.22000122070312
2026-05-29 15:25:00+00:00,102.29000091552734
2026-05-29 15:27:00+00:00,102.08200073242188
2026-05-29 15:28:00+00:00,102.19000244140625
2026-05-29 15:31:00+00:00,102.1050033569336
2026-05-29 15:33:00+00:00,102.16000366210938
2026-05-29 15:38:00+00:00,102.18000030517578
2026-05-29 15:39:00+00:00,102.27999877929688
2026-05-29 15:40:00+00:00,102.10749816894531
2026-05-29 15:43:00+00:00,102.1050033569336
2026-05-29 15:44:00+00:00,102.01000213623047
2026-05-29 15:46:00+00:00,101.9800033569336
2026-05-29 15:47:00+00:00,101.97000122070312
2026-05-29 15:49:00+00:00,101.86000061035156
2026-05-29 15:50:00+00:00,101.80999755859375
2026-05-29 15:52:00+00:00,101.80999755859375
2026-05-29 15:53:00+00:00,101.83999633789062
2026-05-29 15:54:00+00:00,101.88500213623047
2026-05-29 15:58:00+00:00,101.91500091552734
2026-05-29 15:59:00+00:00,102.01000213623047
2026-05-29 16:00:00+00:00,101.98999786376953
2026-05-29 16:05:00+00:00,102.05500030517578
2026-05-29 16:06:00+00:00,102.08999633789062
2026-05-29 16:07:00+00:00,102.12000274658203
2026-05-29 16:08:00+00:00,102.11000061035156
2026-05-29 16:09:00+00:00,102.11000061035156
2026-05-29 16:10:00+00:00,102.11499786376953
2026-05-29 16:11:00+00:00,102.08999633789062
2026-05-29 16:13:00+00:00,102.0999984741211
2026-05-29 16:14:00+00:00,102.13999938964844
2026-05-29 16:15:00+00:00,102.18000030517578
2026-05-29 16:16:00+00:00,102.06999969482422
2026-05-29 16:17:00+00:00,102.20999908447266
2026-05-29 16:18:00+00:00,102.2301025390625
2026-05-29 16:19:00+00:00,102.30999755859375
2026-05-29 16:20:00+00:00,102.25
2026-05-29 16:21:00+00:00,102.29000091552734
2026-05-29 16:23:00+00:00,102.29000091552734
2026-05-29 16:24:00+00:00,102.20500183105469
2026-05-29 16:26:00+00:00,102.20999908447266
2026-05-29 16:29:00+00:00,102.09500122070312
2026-05-29 16:31:00+00:00,102.33499908447266
2026-05-29 16:32:00+00:00,102.2300033569336
2026-05-29 16:33:00+00:00,102.2249984741211
2026-05-29 16:34:00+00:00,102.2249984741211
2026-05-29 16:35:00+00:00,102.33989715576172
2026-05-29 16:36:00+00:00,102.25
2026-05-29 16:37:00+00:00,102.2300033569336
2026-05-29 16:38:00+00:00,102.12999725341797
2026-05-29 16:39:00+00:00,102.19000244140625
2026-05-29 16:42:00+00:00,102.0199966430664
2026-05-29 16:46:00+00:00,102.16500091552734
2026-05-29 16:47:00+00:00,102.15499877929688
2026-05-29 16:50:00+00:00,102.0999984741211
2026-05-29 16:51:00+00:00,102.05500030517578
2026-05-29 16:52:00+00:00,102.05509948730469
2026-05-29 16:57:00+00:00,101.93000030517578
2026-05-29 16:58:00+00:00,102.04000091552734
2026-05-29 16:59:00+00:00,102.04000091552734
2026-05-29 17:01:00+00:00,102.04499816894531
2026-05-29 17:04:00+00:00,102.02999877929688
2026-05-29 17:05:00+00:00,101.97000122070312
2026-05-29 17:06:00+00:00,101.99500274658203
2026-05-29 17:07:00+00:00,101.99500274658203
2026-05-29 17:08:00+00:00,101.86499786376953
2026-05-29 17:10:00+00:00,101.82499694824219
2026-05-29 17:12:00+00:00,101.88999938964844
2026-05-29 17:13:00+00:00,101.79000091552734
2026-05-29 17:15:00+00:00,101.76000213623047
2026-05-29 17:16:00+00:00,101.83499908447266
2026-05-29 17:17:00+00:00,101.83499908447266
2026-05-29 17:19:00+00:00,101.91000366210938
2026-05-29 17:20:00+00:00,101.96499633789062
2026-05-29 17:21:00+00:00,101.97000122070312
2026-05-29 17:22:00+00:00,101.9800033569336
2026-05-29 17:24:00+00:00,102.00499725341797
2026-05-29 17:25:00+00:00,101.97000122070312
2026-05-29 17:26:00+00:00,102.0
2026-05-29 17:28:00+00:00,102.12999725341797
2026-05-29 17:29:00+00:00,102.09500122070312
2026-05-29 17:30:00+00:00,102.11499786376953
2026-05-29 17:32:00+00:00,102.16000366210938
2026-05-29 17:33:00+00:00,102.19999694824219
2026-05-29 17:34:00+00:00,102.19999694824219
2026-05-29 17:36:00+00:00,102.18000030517578
2026-05-29 17:37:00+00:00,102.11499786376953
2026-05-29 17:38:00+00:00,102.08499908447266
2026-05-29 17:39:00+00:00,102.06500244140625
2026-05-29 17:40:00+00:00,102.11000061035156
2026-05-29 17:41:00+00:00,102.1050033569336
2026-05-29 17:43:00+00:00,102.1449966430664
2026-05-29 17:45:00+00:00,102.18499755859375
2026-05-29 17:49:00+00:00,102.23999786376953
2026-05-29 17:51:00+00:00,102.26000213623047
2026-05-29 17:52:00+00:00,102.20999908447266
2026-05-29 17:53:00+00:00,102.16010284423828
2026-05-29 17:54:00+00:00,102.26000213623047
2026-05-29 17:55:00+00:00,102.26000213623047
2026-05-29 17:57:00+00:00,102.31500244140625
2026-05-29 17:58:00+00:00,102.29000091552734
2026-05-29 17:59:00+00:00,102.27999877929688
2026-05-29 18:00:00+00:00,102.25499725341797
2026-05-29 18:01:00+00:00,102.18000030517578
2026-05-29 18:03:00+00:00,102.16500091552734
2026-05-29 18:04:00+00:00,102.08000183105469
2026-05-29 18:05:00+00:00,102.08000183105469
2026-05-29 18:06:00+00:00,101.94000244140625
2026-05-29 18:08:00+00:00,101.87000274658203
2026-05-29 18:09:00+00:00,101.92500305175781
2026-05-29 18:10:00+00:00,101.98500061035156
2026-05-29 18:13:00+00:00,102.05000305175781
2026-05-29 18:14:00+00:00,101.98989868164062
2026-05-29 18:15:00+00:00,101.98999786376953
2026-05-29 18:16:00+00:00,101.98999786376953
2026-05-29 18:17:00+00:00,101.98999786376953
2026-05-29 18:18:00+00:00,102.08000183105469
2026-05-29 18:21:00+00:00,101.94999694824219
2026-05-29 18:22:00+00:00,101.95500183105469
2026-05-29 18:23:00+00:00,101.91999816894531
2026-05-29 18:24:00+00:00,101.7301025390625
2026-05-29 18:25:00+00:00,101.7699966430664
2026-05-29 18:26:00+00:00,101.75
2026-05-29 18:27:00+00:00,101.7311019897461
2026-05-29 18:28:00+00:00,101.7300033569336
2026-05-29 18:29:00+00:00,101.71499633789062
2026-05-29 18:30:00+00:00,101.66000366210938
2026-05-29 18:31:00+00:00,101.7300033569336
2026-05-29 18:33:00+00:00,101.75
2026-05-29 18:38:00+00:00,101.69999694824219
2026-05-29 18:40:00+00:00,101.75
2026-05-29 18:41:00+00:00,101.75
2026-05-29 18:42:00+00:00,101.72000122070312
2026-05-29 18:44:00+00:00,101.68000030517578
2026-05-29 18:45:00+00:00,101.55000305175781
2026-05-29 18:46:00+00:00,101.54000091552734
2026-05-29 18:47:00+00:00,101.58000183105469
2026-05-29 18:49:00+00:00,101.55590057373047
2026-05-29 18:50:00+00:00,101.57499694824219
2026-05-29 18:51:00+00:00,101.68499755859375
2026-05-29 18:52:00+00:00,101.68499755859375
2026-05-29 18:53:00+00:00,101.7699966430664
2026-05-29 18:54:00+00:00,101.75749969482422
2026-05-29 18:55:00+00:00,101.91999816894531
2026-05-29 18:57:00+00:00,101.92500305175781
2026-05-29 18:58:00+00:00,101.91999816894531
2026-05-29 18:59:00+00:00,101.80500030517578
2026-05-29 19:00:00+00:00,101.8499984741211
2026-05-29 19:02:00+00:00,101.8324966430664
2026-05-29 19:03:00+00:00,101.80000305175781
2026-05-29 19:04:00+00:00,101.75499725341797
2026-05-29 19:06:00+00:00,101.80500030517578
2026-05-29 19:07:00+00:00,101.88999938964844
2026-05-29 19:08:00+00:00,101.80500030517578
2026-05-29 19:09:00+00:00,101.76830291748047
2026-05-29 19:10:00+00:00,101.76499938964844
2026-05-29 19:11:00+00:00,101.76000213623047
2026-05-29 19:12:00+00:00,101.76000213623047
2026-05-29 19:13:00+00:00,101.67250061035156
2026-05-29 19:14:00+00:00,101.63999938964844
2026-05-29 19:15:00+00:00,101.5999984741211
2026-05-29 19:16:00+00:00,101.625
2026-05-29 19:17:00+00:00,101.56999969482422
2026-05-29 19:18:00+00:00,101.47000122070312
2026-05-29 19:19:00+00:00,101.47000122070312
2026-05-29 19:20:00+00:00,101.42500305175781
2026-05-29 19:21:00+00:00,101.48999786376953
2026-05-29 19:22:00+00:00,101.47000122070312
2026-05-29 19:23:00+00:00,101.44999694824219
2026-05-29 19:24:00+00:00,101.4800033569336
2026-05-29 19:25:00+00:00,101.55500030517578
2026-05-29 19:26:00+00:00,101.51000213623047
2026-05-29 19:27:00+00:00,101.38500213623047
2026-05-29 19:28:00+00:00,101.38999938964844
2026-05-29 19:29:00+00:00,101.32499694824219
2026-05-29 19:30:00+00:00,101.31999969482422
2026-05-29 19:31:00+00:00,101.33999633789062
2026-05-29 19:32:00+00:00,101.31999969482422
2026-05-29 19:33:00+00:00,101.3375015258789
2026-05-29 19:34:00+00:00,101.41000366210938
2026-05-29 19:35:00+00:00,101.3550033569336
2026-05-29 19:36:00+00:00,101.36000061035156
2026-05-29 19:37:00+00:00,101.41999816894531
2026-05-29 19:38:00+00:00,101.40499877929688
2026-05-29 19:39:00+00:00,101.27999877929688
2026-05-29 19:40:00+00:00,101.30750274658203
2026-05-29 19:41:00+00:00,101.2699966430664
2026-05-29 19:42:00+00:00,101.30000305175781
2026-05-29 19:43:00+00:00,101.33000183105469
2026-05-29 19:44:00+00:00,101.32499694824219
2026-05-29 19:45:00+00:00,101.38500213623047
2026-05-29 19:46:00+00:00,101.37999725341797
2026-05-29 19:47:00+00:00,101.37999725341797
2026-05-29 19:48:00+00:00,101.13999938964844
2026-05-29 19:49:00+00:00,101.16000366210938
2026-05-29 19:50:00+00:00,101.01000213623047
2026-05-29 19:51:00+00:00,101.05999755859375
2026-05-29 19:52:00+00:00,101.04000091552734
2026-05-29 19:53:00+00:00,100.91999816894531
2026-05-29 19:54:00+00:00,101.03500366210938
2026-05-29 19:55:00+00:00,101.0999984741211
2026-05-29 19:56:00+00:00,101.12000274658203
2026-05-29 19:57:00+00:00,101.08000183105469
2026-05-29 19:58:00+00:00,101.20999908447266
2026-05-29 19:59:00+00:00,101.23999786376953
2026-06-01 13:30:00+00:00,103.19499969482422
2026-06-01 13:31:00+00:00,103.71499633789062
2026-06-01 13:32:00+00:00,103.66500091552734
2026-06-01 13:33:00+00:00,103.4000015258789
2026-06-01 13:34:00+00:00,103.55999755859375
2026-06-01 13:35:00+00:00,103.76000213623047
2026-06-01 13:36:00+00:00,104.08999633789062
2026-06-01 13:37:00+00:00,104.33999633789062
2026-06-01 13:38:00+00:00,104.0000991821289
2026-06-01 13:39:00+00:00,104.0
2026-06-01 13:40:00+00:00,104.11000061035156
2026-06-01 13:41:00+00:00,103.96499633789062
2026-06-01 13:43:00+00:00,104.06500244140625
2026-06-01 13:44:00+00:00,104.06500244140625
2026-06-01 13:45:00+00:00,104.37999725341797
2026-06-01 13:46:00+00:00,104.1449966430664
2026-06-01 13:47:00+00:00,104.55999755859375
2026-06-01 13:48:00+00:00,104.41999816894531
2026-06-01 13:49:00+00:00,104.91999816894531
2026-06-01 13:50:00+00:00,104.9800033569336
2026-06-01 13:51:00+00:00,104.76000213623047
2026-06-01 13:52:00+00:00,104.45999908447266
2026-06-01 13:53:00+00:00,104.59510040283203
2026-06-01 13:54:00+00:00,104.77999877929688
2026-06-01 13:55:00+00:00,104.9000015258789
2026-06-01 13:56:00+00:00,105.12999725341797
2026-06-01 13:57:00+00:00,105.05999755859375
2026-06-01 13:58:00+00:00,105.20500183105469
2026-06-01 13:59:00+00:00,105.38099670410156
2026-06-01 14:00:00+00:00,105.43000030517578
2026-06-01 14:01:00+00:00,105.80500030517578
2026-06-01 14:02:00+00:00,106.02999877929688
2026-06-01 14:03:00+00:00,105.625
2026-06-01 14:04:00+00:00,105.90499877929688
2026-06-01 14:05:00+00:00,105.68000030517578
2026-06-01 14:06:00+00:00,105.9000015258789
2026-06-01 14:07:00+00:00,105.91999816894531
2026-06-01 14:08:00+00:00,105.94000244140625
2026-06-01 14:09:00+00:00,105.88249969482422
2026-06-01 14:10:00+00:00,105.93499755859375
2026-06-01 14:11:00+00:00,106.02999877929688
2026-06-01 14:12:00+00:00,105.92500305175781
2026-06-01 14:13:00+00:00,105.94499969482422
2026-06-01 14:14:00+00:00,105.61000061035156
2026-06-01 14:15:00+00:00,105.72000122070312
2026-06-01 14:16:00+00:00,105.73750305175781
2026-06-01 14:17:00+00:00,105.80999755859375
2026-06-01 14:18:00+00:00,105.83999633789062
2026-06-01 14:19:00+00:00,105.94000244140625
2026-06-01 14:20:00+00:00,105.76499938964844
2026-06-01 14:21:00+00:00,105.79000091552734
2026-06-01 14:22:00+00:00,105.94000244140625
2026-06-01 14:23:00+00:00,105.9800033569336
2026-06-01 14:24:00+00:00,105.9800033569336
2026-06-01 14:25:00+00:00,105.9000015258789
2026-06-01 14:26:00+00:00,105.80000305175781
2026-06-01 14:27:00+00:00,106.03500366210938
2026-06-01 14:28:00+00:00,106.03500366210938
2026-06-01 14:29:00+00:00,105.80999755859375
2026-06-01 14:30:00+00:00,105.6050033569336
2026-06-01 14:31:00+00:00,105.5199966430664
2026-06-01 14:32:00+00:00,105.59500122070312
2026-06-01 14:33:00+00:00,105.42250061035156
2026-06-01 14:34:00+00:00,105.3499984741211
2026-06-01 14:35:00+00:00,105.40750122070312
2026-06-01 14:36:00+00:00,105.31999969482422
2026-06-01 14:37:00+00:00,105.56999969482422
2026-06-01 14:38:00+00:00,105.73999786376953
2026-06-01 14:39:00+00:00,105.8550033569336
2026-06-01 14:40:00+00:00,105.94999694824219
2026-06-01 14:41:00+00:00,106.22000122070312
2026-06-01 14:42:00+00:00,106.19000244140625
2026-06-01 14:43:00+00:00,106.3550033569336
2026-06-01 14:44:00+00:00,106.16999816894531
2026-06-01 14:45:00+00:00,106.17500305175781
2026-06-01 14:46:00+00:00,106.07499694824219
2026-06-01 14:47:00+00:00,106.1050033569336
2026-06-01 14:48:00+00:00,106.11499786376953
2026-06-01 14:49:00+00:00,106.66999816894531
2026-06-01 14:50:00+00:00,106.58000183105469
2026-06-01 14:51:00+00:00,106.66999816894531
2026-06-01 14:52:00+00:00,106.73999786376953
2026-06-01 14:53:00+00:00,106.67500305175781
2026-06-01 14:54:00+00:00,106.51000213623047
2026-06-01 14:55:00+00:00,106.7300033569336
2026-06-01 14:56:00+00:00,106.5199966430664
2026-06-01 14:57:00+00:00,106.7699966430664
2026-06-01 14:58:00+00:00,106.6500015258789
2026-06-01 14:59:00+00:00,106.76000213623047
2026-06-01 15:00:00+00:00,106.50499725341797
2026-06-01 15:01:00+00:00,106.45999908447266
2026-06-01 15:02:00+00:00,106.45999908447266
2026-06-01 15:03:00+00:00,106.47000122070312
2026-06-01 15:04:00+00:00,106.67500305175781
2026-06-01 15:05:00+00:00,106.875
2026-06-01 15:06:00+00:00,106.77999877929688
2026-06-01 15:07:00+00:00,106.67500305175781
2026-06-01 15:08:00+00:00,106.54000091552734
2026-06-01 15:09:00+00:00,106.625
2026-06-01 15:10:00+00:00,106.66000366210938
2026-06-01 15:11:00+00:00,106.76000213623047
2026-06-01 15:12:00+00:00,106.61000061035156
2026-06-01 15:13:00+00:00,106.62999725341797
2026-06-01 15:14:00+00:00,106.55010223388672
2026-06-01 15:15:00+00:00,106.6500015258789
2026-06-01 15:16:00+00:00,106.54000091552734
2026-06-01 15:17:00+00:00,106.61000061035156
2026-06-01 15:18:00+00:00,106.68000030517578
2026-06-01 15:19:00+00:00,106.55999755859375
2026-06-01 15:20:00+00:00,106.41000366210938
2026-06-01 15:21:00+00:00,106.56999969482422
2026-06-01 15:22:00+00:00,106.73999786376953
2026-06-01 15:23:00+00:00,106.77999877929688
2026-06-01 15:24:00+00:00,106.76000213623047
2026-06-01 15:25:00+00:00,106.71499633789062
2026-06-01 15:26:00+00:00,106.76499938964844
2026-06-01 15:27:00+00:00,106.83000183105469
2026-06-01 15:28:00+00:00,106.91999816894531
2026-06-01 15:29:00+00:00,106.88999938964844
2026-06-01 15:30:00+00:00,107.01000213623047
2026-06-01 15:31:00+00:00,106.93000030517578
2026-06-01 15:32:00+00:00,106.79000091552734
2026-06-01 15:33:00+00:00,106.9749984741211
2026-06-01 15:34:00+00:00,106.94499969482422
2026-06-01 15:35:00+00:00,107.05500030517578
2026-06-01 15:36:00+00:00,106.95999908447266
2026-06-01 15:38:00+00:00,106.91999816894531
2026-06-01 15:39:00+00:00,107.08999633789062
2026-06-01 15:40:00+00:00,107.43499755859375
2026-06-01 15:41:00+00:00,107.40499877929688
2026-06-01 15:42:00+00:00,107.62000274658203
2026-06-01 15:43:00+00:00,107.58999633789062
2026-06-01 15:44:00+00:00,107.45999908447266
2026-06-01 15:45:00+00:00,107.30999755859375
2026-06-01 15:46:00+00:00,107.08999633789062
2026-06-01 15:47:00+00:00,106.80999755859375
2026-06-01 15:48:00+00:00,106.76000213623047
2026-06-01 15:49:00+00:00,106.6449966430664
2026-06-01 15:50:00+00:00,106.75499725341797
2026-06-01 15:51:00+00:00,106.75499725341797
2026-06-01 15:52:00+00:00,106.90499877929688
2026-06-01 15:53:00+00:00,107.05000305175781
2026-06-01 15:54:00+00:00,106.95500183105469
2026-06-01 15:56:00+00:00,106.94999694824219
2026-06-01 15:57:00+00:00,107.0
2026-06-01 15:58:00+00:00,107.00990295410156
2026-06-01 15:59:00+00:00,106.97000122070312
2026-06-01 16:00:00+00:00,107.01000213623047
2026-06-01 16:01:00+00:00,107.11000061035156
2026-06-01 16:02:00+00:00,107.07499694824219
2026-06-01 16:04:00+00:00,106.93000030517578
2026-06-01 16:05:00+00:00,106.93499755859375
2026-06-01 16:06:00+00:00,107.03500366210938
2026-06-01 16:07:00+00:00,106.8499984741211
2026-06-01 16:08:00+00:00,106.8499984741211
2026-06-01 16:09:00+00:00,106.91000366210938
2026-06-01 16:10:00+00:00,106.82499694824219
2026-06-01 16:11:00+00:00,106.81999969482422
2026-06-01 16:12:00+00:00,106.61260223388672
2026-06-01 16:13:00+00:00,106.62999725341797
2026-06-01 16:14:00+00:00,106.66999816894531
2026-06-01 16:15:00+00:00,106.61000061035156
2026-06-01 16:17:00+00:00,106.47750091552734
2026-06-01 16:18:00+00:00,106.51000213623047
2026-06-01 16:19:00+00:00,106.38999938964844
2026-06-01 16:20:00+00:00,106.3949966430664
2026-06-01 16:21:00+00:00,106.3499984741211
2026-06-01 16:23:00+00:00,106.25499725341797
2026-06-01 16:24:00+00:00,106.12010192871094
2026-06-01 16:25:00+00:00,106.20500183105469
2026-06-01 16:26:00+00:00,106.08499908447266
2026-06-01 16:27:00+00:00,106.04000091552734
2026-06-01 16:28:00+00:00,106.0999984741211
2026-06-01 16:29:00+00:00,106.20999908447266
2026-06-01 16:30:00+00:00,106.33499908447266
2026-06-01 16:31:00+00:00,106.33499908447266
2026-06-01 16:32:00+00:00,106.36000061035156
2026-06-01 16:33:00+00:00,106.48999786376953
2026-06-01 16:34:00+00:00,106.41999816894531
2026-06-01 16:35:00+00:00,106.41999816894531
2026-06-01 16:36:00+00:00,106.52999877929688
2026-06-01 16:38:00+00:00,106.5199966430664
2026-06-01 16:39:00+00:00,106.51499938964844
2026-06-01 16:40:00+00:00,106.51000213623047
2026-06-01 16:41:00+00:00,106.5199966430664
2026-06-01 16:42:00+00:00,106.43000030517578
2026-06-01 16:43:00+00:00,106.49500274658203
2026-06-01 16:44:00+00:00,106.58999633789062
2026-06-01 16:45:00+00:00,106.58000183105469
2026-06-01 16:46:00+00:00,106.61000061035156
2026-06-01 16:47:00+00:00,106.58000183105469
2026-06-01 16:48:00+00:00,106.57499694824219
2026-06-01 16:49:00+00:00,106.65499877929688
2026-06-01 16:50:00+00:00,106.56500244140625
2026-06-01 16:51:00+00:00,106.23999786376953
2026-06-01 16:52:00+00:00,106.38999938964844
2026-06-01 16:53:00+00:00,106.38500213623047
2026-06-01 16:54:00+00:00,106.21499633789062
2026-06-01 16:55:00+00:00,106.38999938964844
2026-06-01 16:56:00+00:00,106.4800033569336
2026-06-01 16:57:00+00:00,106.5250015258789
2026-06-01 16:58:00+00:00,106.52999877929688
2026-06-01 16:59:00+00:00,106.30999755859375
2026-06-01 17:00:00+00:00,106.2300033569336
2026-06-01 17:01:00+00:00,106.08000183105469
2026-06-01 17:02:00+00:00,106.02999877929688
2026-06-01 17:03:00+00:00,106.23999786376953
2026-06-01 17:04:00+00:00,106.13500213623047
2026-06-01 17:05:00+00:00,106.20999908447266
2026-06-01 17:06:00+00:00,106.26499938964844
2026-06-01 17:07:00+00:00,106.33989715576172
2026-06-01 17:08:00+00:00,106.12999725341797
2026-06-01 17:09:00+00:00,106.06500244140625
2026-06-01 17:10:00+00:00,106.20999908447266
2026-06-01 17:12:00+00:00,106.15499877929688
2026-06-01 17:13:00+00:00,106.0199966430664
2026-06-01 17:15:00+00:00,105.86499786376953
2026-06-01 17:17:00+00:00,105.87000274658203
2026-06-01 17:18:00+00:00,105.8550033569336
2026-06-01 17:19:00+00:00,105.95999908447266
2026-06-01 17:21:00+00:00,106.0199966430664
2026-06-01 17:22:00+00:00,106.02999877929688
2026-06-01 17:23:00+00:00,106.08000183105469
2026-06-01 17:24:00+00:00,105.94999694824219
2026-06-01 17:26:00+00:00,105.91999816894531
2026-06-01 17:27:00+00:00,106.0
2026-06-01 17:29:00+00:00,106.26499938964844
2026-06-01 17:30:00+00:00,106.20500183105469
2026-06-01 17:31:00+00:00,106.18499755859375
2026-06-01 17:32:00+00:00,106.26000213623047
2026-06-01 17:33:00+00:00,106.25
2026-06-01 17:34:00+00:00,106.4000015258789
2026-06-01 17:35:00+00:00,106.3499984741211
2026-06-01 17:36:00+00:00,106.26000213623047
2026-06-01 17:37:00+00:00,106.38500213623047
2026-06-01 17:38:00+00:00,106.40499877929688
2026-06-01 17:41:00+00:00,106.41500091552734
2026-06-01 17:42:00+00:00,106.38500213623047
2026-06-01 17:43:00+00:00,106.55000305175781
2026-06-01 17:44:00+00:00,106.56500244140625
2026-06-01 17:45:00+00:00,106.56999969482422
2026-06-01 17:46:00+00:00,106.5
2026-06-01 17:47:00+00:00,106.40010070800781
2026-06-01 17:48:00+00:00,106.5999984741211
2026-06-01 17:49:00+00:00,106.6500015258789
2026-06-01 17:50:00+00:00,106.57499694824219
2026-06-01 17:51:00+00:00,106.62000274658203
2026-06-01 17:52:00+00:00,106.6500015258789
2026-06-01 17:53:00+00:00,106.52999877929688
2026-06-01 17:54:00+00:00,106.48500061035156
2026-06-01 17:55:00+00:00,106.25
2026-06-01 17:57:00+00:00,106.33000183105469
2026-06-01 17:58:00+00:00,106.33999633789062
2026-06-01 17:59:00+00:00,106.25
2026-06-01 18:00:00+00:00,106.33499908447266
2026-06-01 18:01:00+00:00,106.31999969482422
2026-06-01 18:02:00+00:00,106.29000091552734
2026-06-01 18:04:00+00:00,106.34500122070312
2026-06-01 18:05:00+00:00,106.38999938964844
2026-06-01 18:06:00+00:00,106.30999755859375
2026-06-01 18:07:00+00:00,106.375
2026-06-01 18:08:00+00:00,106.58999633789062
2026-06-01 18:09:00+00:00,106.7300033569336
2026-06-01 18:10:00+00:00,106.66999816894531
2026-06-01 18:11:00+00:00,106.6500015258789
2026-06-01 18:13:00+00:00,106.54000091552734
2026-06-01 18:14:00+00:00,106.41999816894531
2026-06-01 18:15:00+00:00,106.41999816894531
2026-06-01 18:16:00+00:00,106.54499816894531
2026-06-01 18:17:00+00:00,106.63999938964844
2026-06-01 18:18:00+00:00,106.70500183105469
2026-06-01 18:19:00+00:00,106.72000122070312
2026-06-01 18:20:00+00:00,106.70500183105469
2026-06-01 18:21:00+00:00,106.41999816894531
2026-06-01 18:22:00+00:00,106.32499694824219
2026-06-01 18:23:00+00:00,106.31999969482422
2026-06-01 18:24:00+00:00,106.375
2026-06-01 18:25:00+00:00,106.3499984741211
2026-06-01 18:26:00+00:00,106.30000305175781
2026-06-01 18:27:00+00:00,106.44999694824219
2026-06-01 18:28:00+00:00,106.43000030517578
2026-06-01 18:29:00+00:00,106.37999725341797
2026-06-01 18:30:00+00:00,106.30000305175781
2026-06-01 18:31:00+00:00,106.2699966430664
2026-06-01 18:32:00+00:00,106.27999877929688
2026-06-01 18:33:00+00:00,106.44000244140625
2026-06-01 18:34:00+00:00,106.44999694824219
2026-06-01 18:35:00+00:00,106.62000274658203
2026-06-01 18:36:00+00:00,106.7249984741211
2026-06-01 18:37:00+00:00,106.76000213623047
2026-06-01 18:38:00+00:00,106.69000244140625
2026-06-01 18:39:00+00:00,106.66000366210938
2026-06-01 18:40:00+00:00,106.55999755859375
2026-06-01 18:41:00+00:00,106.58499908447266
2026-06-01 18:42:00+00:00,106.6500015258789
2026-06-01 18:43:00+00:00,106.61000061035156
2026-06-01 18:44:00+00:00,106.66500091552734
2026-06-01 18:45:00+00:00,106.76000213623047
2026-06-01 18:46:00+00:00,106.77999877929688
2026-06-01 18:47:00+00:00,106.80000305175781
2026-06-01 18:48:00+00:00,106.83000183105469
2026-06-01 18:49:00+00:00,106.87999725341797
2026-06-01 18:50:00+00:00,106.9800033569336
2026-06-01 18:51:00+00:00,106.87000274658203
2026-06-01 18:52:00+00:00,106.86000061035156
2026-06-01 18:53:00+00:00,106.91000366210938
2026-06-01 18:54:00+00:00,106.88999938964844
2026-06-01 18:55:00+00:00,106.9000015258789
2026-06-01 18:56:00+00:00,106.91999816894531
2026-06-01 18:57:00+00:00,106.91999816894531
2026-06-01 18:58:00+00:00,106.91500091552734
2026-06-01 19:00:00+00:00,106.9800033569336
2026-06-01 19:01:00+00:00,107.06500244140625
2026-06-01 19:02:00+00:00,107.16999816894531
2026-06-01 19:03:00+00:00,107.20500183105469
2026-06-01 19:04:00+00:00,107.19000244140625
2026-06-01 19:05:00+00:00,107.1449966430664
2026-06-01 19:06:00+00:00,107.20999908447266
2026-06-01 19:07:00+00:00,107.19499969482422
2026-06-01 19:08:00+00:00,107.30000305175781
2026-06-01 19:09:00+00:00,107.43000030517578
2026-06-01 19:10:00+00:00,107.3550033569336
2026-06-01 19:11:00+00:00,107.27999877929688
2026-06-01 19:12:00+00:00,107.23999786376953
2026-06-01 19:13:00+00:00,107.30999755859375
2026-06-01 19:14:00+00:00,107.28500366210938
2026-06-01 19:15:00+00:00,107.27999877929688
2026-06-01 19:16:00+00:00,107.0199966430664
2026-06-01 19:17:00+00:00,107.18000030517578
2026-06-01 19:18:00+00:00,107.2750015258789
2026-06-01 19:19:00+00:00,107.18000030517578
2026-06-01 19:20:00+00:00,107.22000122070312
2026-06-01 19:21:00+00:00,107.19999694824219
2026-06-01 19:22:00+00:00,107.2300033569336
2026-06-01 19:23:00+00:00,107.16999816894531
2026-06-01 19:24:00+00:00,107.2249984741211
2026-06-01 19:26:00+00:00,107.15499877929688
2026-06-01 19:27:00+00:00,107.19000244140625
2026-06-01 19:28:00+00:00,107.33000183105469
2026-06-01 19:29:00+00:00,107.26000213623047
2026-06-01 19:30:00+00:00,107.28500366210938
2026-06-01 19:31:00+00:00,107.09500122070312
2026-06-01 19:32:00+00:00,107.00499725341797
2026-06-01 19:33:00+00:00,106.83599853515625
2026-06-01 19:34:00+00:00,106.86499786376953
2026-06-01 19:35:00+00:00,106.87000274658203
2026-06-01 19:36:00+00:00,106.77999877929688
2026-06-01 19:37:00+00:00,106.7490005493164
2026-06-01 19:38:00+00:00,106.63500213623047
2026-06-01 19:39:00+00:00,106.67939758300781
2026-06-01 19:40:00+00:00,106.72000122070312
2026-06-01 19:41:00+00:00,106.77999877929688
2026-06-01 19:42:00+00:00,106.69499969482422
2026-06-01 19:43:00+00:00,106.76000213623047
2026-06-01 19:44:00+00:00,106.9000015258789
2026-06-01 19:45:00+00:00,106.75
2026-06-01 19:46:00+00:00,106.83999633789062
2026-06-01 19:47:00+00:00,106.93000030517578
2026-06-01 19:48:00+00:00,107.05000305175781
2026-06-01 19:49:00+00:00,106.8949966430664
2026-06-01 19:50:00+00:00,106.58000183105469
2026-06-01 19:51:00+00:00,106.44999694824219
2026-06-01 19:52:00+00:00,106.45999908447266
2026-06-01 19:53:00+00:00,106.58999633789062
2026-06-01 19:54:00+00:00,106.51000213623047
2026-06-01 19:55:00+00:00,106.5999984741211
2026-06-01 19:56:00+00:00,106.58499908447266
2026-06-01 19:57:00+00:00,106.51000213623047
2026-06-01 19:58:00+00:00,106.55000305175781
2026-06-01 19:59:00+00:00,106.5199966430664
2026-06-02 13:30:00+00:00,106.05500030517578
2026-06-02 13:31:00+00:00,105.75
2026-06-02 13:32:00+00:00,106.17990112304688
2026-06-02 13:33:00+00:00,105.79000091552734
2026-06-02 13:34:00+00:00,105.79000091552734
2026-06-02 13:36:00+00:00,105.78500366210938
2026-06-02 13:37:00+00:00,105.3499984741211
2026-06-02 13:38:00+00:00,105.15499877929688
2026-06-02 13:39:00+00:00,105.375
2026-06-02 13:40:00+00:00,105.6500015258789
2026-06-02 13:41:00+00:00,105.73999786376953
2026-06-02 13:42:00+00:00,105.55500030517578
2026-06-02 13:43:00+00:00,105.66500091552734
2026-06-02 13:44:00+00:00,105.31999969482422
2026-06-02 13:45:00+00:00,105.31999969482422
2026-06-02 13:48:00+00:00,105.41000366210938
2026-06-02 13:49:00+00:00,105.81999969482422
2026-06-02 13:50:00+00:00,105.80999755859375
2026-06-02 13:51:00+00:00,105.61499786376953
2026-06-02 13:52:00+00:00,105.53250122070312
2026-06-02 13:53:00+00:00,105.2699966430664
2026-06-02 13:54:00+00:00,105.26499938964844
2026-06-02 13:56:00+00:00,105.40499877929688
2026-06-02 13:57:00+00:00,105.23999786376953
2026-06-02 13:58:00+00:00,105.19000244140625
2026-06-02 13:59:00+00:00,105.19999694824219
2026-06-02 14:01:00+00:00,105.23999786376953
2026-06-02 14:02:00+00:00,105.23999786376953
2026-06-02 14:04:00+00:00,105.31500244140625
2026-06-02 14:05:00+00:00,105.38500213623047
2026-06-02 14:06:00+00:00,105.22000122070312
2026-06-02 14:07:00+00:00,105.20999908447266
2026-06-02 14:08:00+00:00,105.0999984741211
2026-06-02 14:09:00+00:00,105.22270202636719
2026-06-02 14:10:00+00:00,104.87999725341797
2026-06-02 14:11:00+00:00,104.77999877929688
2026-06-02 14:12:00+00:00,104.77999877929688
2026-06-02 14:13:00+00:00,104.7229995727539
2026-06-02 14:14:00+00:00,104.94000244140625
2026-06-02 14:15:00+00:00,104.875
2026-06-02 14:16:00+00:00,104.79000091552734
2026-06-02 14:17:00+00:00,104.68000030517578
2026-06-02 14:18:00+00:00,104.73500061035156
2026-06-02 14:20:00+00:00,104.62999725341797
2026-06-02 14:21:00+00:00,104.75499725341797
2026-06-02 14:22:00+00:00,105.02999877929688
2026-06-02 14:23:00+00:00,104.98999786376953
2026-06-02 14:24:00+00:00,105.1050033569336
2026-06-02 14:25:00+00:00,105.12000274658203
2026-06-02 14:26:00+00:00,105.0199966430664
2026-06-02 14:27:00+00:00,105.01000213623047
2026-06-02 14:28:00+00:00,104.99500274658203
2026-06-02 14:29:00+00:00,104.91999816894531
2026-06-02 14:30:00+00:00,104.625
2026-06-02 14:31:00+00:00,104.7699966430664
2026-06-02 14:32:00+00:00,104.93000030517578
2026-06-02 14:33:00+00:00,104.875
2026-06-02 14:34:00+00:00,104.875
2026-06-02 14:35:00+00:00,104.72000122070312
2026-06-02 14:36:00+00:00,104.86000061035156
2026-06-02 14:37:00+00:00,104.69999694824219
2026-06-02 14:39:00+00:00,105.05000305175781
2026-06-02 14:42:00+00:00,104.7300033569336
2026-06-02 14:43:00+00:00,104.87999725341797
2026-06-02 14:44:00+00:00,104.82499694824219
2026-06-02 14:45:00+00:00,104.88500213623047
2026-06-02 14:46:00+00:00,105.0198974609375
2026-06-02 14:47:00+00:00,105.11000061035156
2026-06-02 14:48:00+00:00,105.04000091552734
2026-06-02 14:50:00+00:00,105.11000061035156
2026-06-02 14:53:00+00:00,104.97000122070312
2026-06-02 14:54:00+00:00,105.05999755859375
2026-06-02 14:56:00+00:00,105.05000305175781
2026-06-02 14:58:00+00:00,105.05500030517578
2026-06-02 14:59:00+00:00,104.96499633789062
2026-06-02 15:01:00+00:00,104.8499984741211
2026-06-02 15:02:00+00:00,104.7699966430664
2026-06-02 15:03:00+00:00,104.88999938964844
2026-06-02 15:04:00+00:00,104.80000305175781
2026-06-02 15:06:00+00:00,104.69999694824219
2026-06-02 15:07:00+00:00,104.79000091552734
2026-06-02 15:08:00+00:00,104.76210021972656
2026-06-02 15:09:00+00:00,104.72000122070312
2026-06-02 15:10:00+00:00,104.58000183105469
2026-06-02 15:11:00+00:00,104.47000122070312
2026-06-02 15:12:00+00:00,104.3949966430664
2026-06-02 15:13:00+00:00,104.3949966430664
2026-06-02 15:14:00+00:00,104.33000183105469
2026-06-02 15:15:00+00:00,104.375
2026-06-02 15:16:00+00:00,104.27999877929688
2026-06-02 15:17:00+00:00,104.18000030517578
2026-06-02 15:18:00+00:00,104.27749633789062
2026-06-02 15:19:00+00:00,104.38009643554688
2026-06-02 15:21:00+00:00,104.38500213623047
2026-06-02 15:22:00+00:00,104.43000030517578
2026-06-02 15:23:00+00:00,104.52999877929688
2026-06-02 15:24:00+00:00,104.47000122070312
2026-06-02 15:25:00+00:00,104.47000122070312
2026-06-02 15:26:00+00:00,104.54000091552734
2026-06-02 15:27:00+00:00,104.66999816894531
2026-06-02 15:28:00+00:00,104.73500061035156
2026-06-02 15:30:00+00:00,104.88999938964844
2026-06-02 15:31:00+00:00,104.79000091552734
2026-06-02 15:33:00+00:00,104.91999816894531
2026-06-02 15:35:00+00:00,104.69999694824219
2026-06-02 15:37:00+00:00,104.80999755859375
2026-06-02 15:38:00+00:00,104.83999633789062
2026-06-02 15:39:00+00:00,104.67500305175781
2026-06-02 15:41:00+00:00,104.51000213623047
2026-06-02 15:43:00+00:00,104.66500091552734
2026-06-02 15:44:00+00:00,104.70999908447266
2026-06-02 15:45:00+00:00,104.73500061035156
2026-06-02 15:46:00+00:00,104.73999786376953
2026-06-02 15:47:00+00:00,104.93000030517578
2026-06-02 15:48:00+00:00,104.87999725341797
2026-06-02 15:50:00+00:00,104.8582992553711
2026-06-02 15:51:00+00:00,104.75
2026-06-02 15:53:00+00:00,104.70999908447266
2026-06-02 15:54:00+00:00,104.7249984741211
2026-06-02 15:55:00+00:00,104.87999725341797
2026-06-02 15:56:00+00:00,104.91000366210938
2026-06-02 15:57:00+00:00,104.91000366210938
2026-06-02 15:58:00+00:00,104.7300033569336
2026-06-02 16:00:00+00:00,104.66000366210938
2026-06-02 16:03:00+00:00,104.68499755859375
2026-06-02 16:04:00+00:00,104.76000213623047
2026-06-02 16:05:00+00:00,104.66999816894531
2026-06-02 16:07:00+00:00,104.81999969482422
2026-06-02 16:08:00+00:00,104.81999969482422
2026-06-02 16:09:00+00:00,104.81999969482422
2026-06-02 16:10:00+00:00,104.7699966430664
2026-06-02 16:11:00+00:00,104.83000183105469
2026-06-02 16:12:00+00:00,104.8550033569336
2026-06-02 16:13:00+00:00,104.87999725341797
2026-06-02 16:14:00+00:00,104.95999908447266
2026-06-02 16:17:00+00:00,104.87000274658203
2026-06-02 16:19:00+00:00,104.80999755859375
2026-06-02 16:21:00+00:00,104.83499908447266
2026-06-02 16:23:00+00:00,104.83999633789062
2026-06-02 16:24:00+00:00,104.75
2026-06-02 16:25:00+00:00,104.62999725341797
2026-06-02 16:26:00+00:00,104.58499908447266
2026-06-02 16:28:00+00:00,104.48999786376953
2026-06-02 16:30:00+00:00,104.48500061035156
2026-06-02 16:31:00+00:00,104.55999755859375
2026-06-02 16:32:00+00:00,104.58999633789062
2026-06-02 16:33:00+00:00,104.66999816894531
2026-06-02 16:34:00+00:00,104.625
2026-06-02 16:35:00+00:00,104.73999786376953
2026-06-02 16:36:00+00:00,104.63999938964844
2026-06-02 16:37:00+00:00,104.62999725341797
2026-06-02 16:40:00+00:00,104.61499786376953
2026-06-02 16:41:00+00:00,104.61499786376953
2026-06-02 16:42:00+00:00,104.61000061035156
2026-06-02 16:43:00+00:00,104.66000366210938
2026-06-02 16:44:00+00:00,104.66999816894531
2026-06-02 16:46:00+00:00,104.62010192871094
2026-06-02 16:47:00+00:00,104.69999694824219
2026-06-02 16:48:00+00:00,104.72000122070312
2026-06-02 16:50:00+00:00,104.66999816894531
2026-06-02 16:51:00+00:00,104.69999694824219
2026-06-02 16:53:00+00:00,104.63500213623047
2026-06-02 16:54:00+00:00,104.63500213623047
2026-06-02 16:55:00+00:00,104.63500213623047
2026-06-02 16:57:00+00:00,104.66999816894531
2026-06-02 16:58:00+00:00,104.55000305175781
2026-06-02 16:59:00+00:00,104.58999633789062
2026-06-02 17:00:00+00:00,104.55030059814453
2026-06-02 17:01:00+00:00,104.55500030517578
2026-06-02 17:02:00+00:00,104.55500030517578
2026-06-02 17:03:00+00:00,104.42500305175781
2026-06-02 17:04:00+00:00,104.5250015258789
2026-06-02 17:05:00+00:00,104.61000061035156
2026-06-02 17:07:00+00:00,104.59500122070312
2026-06-02 17:08:00+00:00,104.59500122070312
2026-06-02 17:09:00+00:00,104.59500122070312
2026-06-02 17:10:00+00:00,104.58999633789062
2026-06-02 17:12:00+00:00,104.58999633789062
2026-06-02 17:13:00+00:00,104.47000122070312
2026-06-02 17:14:00+00:00,104.55000305175781
2026-06-02 17:16:00+00:00,104.45999908447266
2026-06-02 17:19:00+00:00,104.58000183105469
2026-06-02 17:20:00+00:00,104.58000183105469
2026-06-02 17:22:00+00:00,104.44499969482422
2026-06-02 17:23:00+00:00,104.43499755859375
2026-06-02 17:24:00+00:00,104.43499755859375
2026-06-02 17:25:00+00:00,104.43499755859375
2026-06-02 17:27:00+00:00,104.42749786376953
2026-06-02 17:28:00+00:00,104.42500305175781
2026-06-02 17:29:00+00:00,104.41999816894531
2026-06-02 17:30:00+00:00,104.3499984741211
2026-06-02 17:31:00+00:00,104.38999938964844
2026-06-02 17:32:00+00:00,104.4800033569336
2026-06-02 17:33:00+00:00,104.52999877929688
2026-06-02 17:34:00+00:00,104.56999969482422
2026-06-02 17:35:00+00:00,104.50499725341797
2026-06-02 17:36:00+00:00,104.56999969482422
2026-06-02 17:37:00+00:00,104.58000183105469
2026-06-02 17:39:00+00:00,104.5999984741211
2026-06-02 17:40:00+00:00,104.48999786376953
2026-06-02 17:41:00+00:00,104.53500366210938
2026-06-02 17:43:00+00:00,104.56999969482422
2026-06-02 17:45:00+00:00,104.62000274658203
2026-06-02 17:47:00+00:00,104.63999938964844
2026-06-02 17:49:00+00:00,104.66000366210938
2026-06-02 17:50:00+00:00,104.69999694824219
2026-06-02 17:51:00+00:00,104.7300033569336
2026-06-02 17:52:00+00:00,104.7300033569336
2026-06-02 17:54:00+00:00,104.58999633789062
2026-06-02 17:56:00+00:00,104.5999984741211
2026-06-02 17:57:00+00:00,104.55010223388672
2026-06-02 17:58:00+00:00,104.6500015258789
2026-06-02 17:59:00+00:00,104.5999984741211
2026-06-02 18:00:00+00:00,104.62860107421875
2026-06-02 18:01:00+00:00,104.54010009765625
2026-06-02 18:04:00+00:00,104.6500015258789
2026-06-02 18:05:00+00:00,104.66999816894531
2026-06-02 18:07:00+00:00,104.7300033569336
2026-06-02 18:08:00+00:00,104.66999816894531
2026-06-02 18:09:00+00:00,104.72000122070312
2026-06-02 18:10:00+00:00,104.77999877929688
2026-06-02 18:12:00+00:00,104.68499755859375
2026-06-02 18:13:00+00:00,104.5
2026-06-02 18:15:00+00:00,104.44499969482422
2026-06-02 18:17:00+00:00,104.44999694824219
2026-06-02 18:18:00+00:00,104.44999694824219
2026-06-02 18:19:00+00:00,104.37000274658203
2026-06-02 18:21:00+00:00,104.4000015258789
2026-06-02 18:22:00+00:00,104.45999908447266
2026-06-02 18:23:00+00:00,104.5
2026-06-02 18:24:00+00:00,104.43000030517578
2026-06-02 18:25:00+00:00,104.47000122070312
2026-06-02 18:27:00+00:00,104.43499755859375
2026-06-02 18:28:00+00:00,104.41000366210938
2026-06-02 18:29:00+00:00,104.47000122070312
2026-06-02 18:30:00+00:00,104.43000030517578
2026-06-02 18:31:00+00:00,104.38999938964844
2026-06-02 18:32:00+00:00,104.45500183105469
2026-06-02 18:33:00+00:00,104.43000030517578
2026-06-02 18:34:00+00:00,104.38999938964844
2026-06-02 18:35:00+00:00,104.5
2026-06-02 18:36:00+00:00,104.4625015258789
2026-06-02 18:37:00+00:00,104.45500183105469
2026-06-02 18:38:00+00:00,104.45500183105469
2026-06-02 18:39:00+00:00,104.5199966430664
2026-06-02 18:40:00+00:00,104.47000122070312
2026-06-02 18:41:00+00:00,104.47000122070312
2026-06-02 18:44:00+00:00,104.54000091552734
2026-06-02 18:45:00+00:00,104.49500274658203
2026-06-02 18:46:00+00:00,104.49500274658203
2026-06-02 18:47:00+00:00,104.44499969482422
2026-06-02 18:48:00+00:00,104.4800033569336
2026-06-02 18:49:00+00:00,104.4800033569336
2026-06-02 18:50:00+00:00,104.54000091552734
2026-06-02 18:51:00+00:00,104.66000366210938
2026-06-02 18:52:00+00:00,104.56999969482422
2026-06-02 18:53:00+00:00,104.50499725341797
2026-06-02 18:55:00+00:00,104.47000122070312
2026-06-02 18:56:00+00:00,104.52999877929688
2026-06-02 18:57:00+00:00,104.5199966430664
2026-06-02 18:58:00+00:00,104.49500274658203
2026-06-02 18:59:00+00:00,104.4800033569336
2026-06-02 19:00:00+00:00,104.38999938964844
2026-06-02 19:01:00+00:00,104.43499755859375
2026-06-02 19:02:00+00:00,104.37000274658203
2026-06-02 19:03:00+00:00,104.36499786376953
2026-06-02 19:04:00+00:00,104.30999755859375
2026-06-02 19:05:00+00:00,104.30999755859375
2026-06-02 19:06:00+00:00,104.3499984741211
2026-06-02 19:07:00+00:00,104.32499694824219
2026-06-02 19:08:00+00:00,104.29499816894531
2026-06-02 19:09:00+00:00,104.30500030517578
2026-06-02 19:10:00+00:00,104.29010009765625
2026-06-02 19:11:00+00:00,104.2750015258789
2026-06-02 19:12:00+00:00,104.30000305175781
2026-06-02 19:13:00+00:00,104.4000015258789
2026-06-02 19:14:00+00:00,104.44000244140625
2026-06-02 19:15:00+00:00,104.47000122070312
2026-06-02 19:16:00+00:00,104.45999908447266
2026-06-02 19:18:00+00:00,104.43499755859375
2026-06-02 19:19:00+00:00,104.49500274658203
2026-06-02 19:20:00+00:00,104.55000305175781
2026-06-02 19:21:00+00:00,104.6500015258789
2026-06-02 19:22:00+00:00,104.77999877929688
2026-06-02 19:23:00+00:00,104.73999786376953
2026-06-02 19:24:00+00:00,104.73999786376953
2026-06-02 19:25:00+00:00,104.66000366210938
2026-06-02 19:26:00+00:00,104.63999938964844
2026-06-02 19:27:00+00:00,104.58999633789062
2026-06-02 19:28:00+00:00,104.55999755859375
2026-06-02 19:30:00+00:00,104.58999633789062
2026-06-02 19:31:00+00:00,104.68000030517578
2026-06-02 19:32:00+00:00,104.72000122070312
2026-06-02 19:34:00+00:00,104.9800033569336
2026-06-02 19:35:00+00:00,104.87999725341797
2026-06-02 19:36:00+00:00,104.87999725341797
2026-06-02 19:37:00+00:00,104.73999786376953
2026-06-02 19:38:00+00:00,104.81999969482422
2026-06-02 19:39:00+00:00,104.83000183105469
2026-06-02 19:40:00+00:00,104.81999969482422
2026-06-02 19:41:00+00:00,104.79000091552734
2026-06-02 19:42:00+00:00,104.72000122070312
2026-06-02 19:43:00+00:00,104.55999755859375
2026-06-02 19:44:00+00:00,104.5
2026-06-02 19:45:00+00:00,104.66999816894531
2026-06-02 19:46:00+00:00,104.58999633789062
2026-06-02 19:47:00+00:00,104.55999755859375
2026-06-02 19:48:00+00:00,104.58999633789062
2026-06-02 19:49:00+00:00,104.56009674072266
2026-06-02 19:50:00+00:00,104.54499816894531
2026-06-02 19:51:00+00:00,104.61000061035156
2026-06-02 19:52:00+00:00,104.54000091552734
2026-06-02 19:53:00+00:00,104.47000122070312
2026-06-02 19:54:00+00:00,104.58000183105469
2026-06-02 19:55:00+00:00,104.54000091552734
2026-06-02 19:56:00+00:00,104.56999969482422
2026-06-02 19:57:00+00:00,104.63999938964844
2026-06-02 19:58:00+00:00,104.65499877929688
2026-06-02 19:59:00+00:00,104.62000274658203
2026-06-03 13:30:00+00:00,103.4000015258789
2026-06-03 13:32:00+00:00,102.94000244140625
2026-06-03 13:33:00+00:00,103.02749633789062
2026-06-03 13:34:00+00:00,102.875
2026-06-03 13:35:00+00:00,103.06999969482422
2026-06-03 13:36:00+00:00,103.0999984741211
2026-06-03 13:37:00+00:00,103.04000091552734
2026-06-03 13:38:00+00:00,102.69999694824219
2026-06-03 13:39:00+00:00,102.87000274658203
2026-06-03 13:40:00+00:00,102.86000061035156
2026-06-03 13:42:00+00:00,103.18499755859375
2026-06-03 13:43:00+00:00,103.25
2026-06-03 13:44:00+00:00,103.25
2026-06-03 13:46:00+00:00,102.80000305175781
2026-06-03 13:47:00+00:00,103.0999984741211
2026-06-03 13:48:00+00:00,102.80000305175781
2026-06-03 13:49:00+00:00,102.8499984741211
2026-06-03 13:50:00+00:00,102.69010162353516
2026-06-03 13:51:00+00:00,102.66500091552734
2026-06-03 13:52:00+00:00,102.47000122070312
2026-06-03 13:53:00+00:00,103.06500244140625
2026-06-03 13:54:00+00:00,103.29000091552734
2026-06-03 13:55:00+00:00,103.23149871826172
2026-06-03 13:56:00+00:00,103.06999969482422
2026-06-03 13:57:00+00:00,103.02999877929688
2026-06-03 13:58:00+00:00,103.11000061035156
2026-06-03 13:59:00+00:00,103.2300033569336
2026-06-03 14:00:00+00:00,103.23999786376953
2026-06-03 14:02:00+00:00,102.77999877929688
2026-06-03 14:03:00+00:00,102.94000244140625
2026-06-03 14:04:00+00:00,102.87999725341797
2026-06-03 14:05:00+00:00,102.87999725341797
2026-06-03 14:06:00+00:00,102.81490325927734
2026-06-03 14:07:00+00:00,103.0250015258789
2026-06-03 14:08:00+00:00,102.80999755859375
2026-06-03 14:09:00+00:00,102.93499755859375
2026-06-03 14:10:00+00:00,102.83000183105469
2026-06-03 14:11:00+00:00,102.94499969482422
2026-06-03 14:13:00+00:00,103.01000213623047
2026-06-03 14:14:00+00:00,102.8499984741211
2026-06-03 14:15:00+00:00,102.81999969482422
2026-06-03 14:16:00+00:00,102.73999786376953
2026-06-03 14:17:00+00:00,102.5999984741211
2026-06-03 14:18:00+00:00,102.51000213623047
2026-06-03 14:19:00+00:00,102.6500015258789
2026-06-03 14:20:00+00:00,102.79000091552734
2026-06-03 14:21:00+00:00,102.81999969482422
2026-06-03 14:22:00+00:00,102.69999694824219
2026-06-03 14:23:00+00:00,102.58999633789062
2026-06-03 14:24:00+00:00,102.56999969482422
2026-06-03 14:25:00+00:00,102.80999755859375
2026-06-03 14:26:00+00:00,102.66999816894531
2026-06-03 14:27:00+00:00,102.58999633789062
2026-06-03 14:28:00+00:00,102.56999969482422
2026-06-03 14:30:00+00:00,102.61000061035156
2026-06-03 14:31:00+00:00,102.73739624023438
2026-06-03 14:33:00+00:00,102.8499984741211
2026-06-03 14:34:00+00:00,102.73999786376953
2026-06-03 14:35:00+00:00,103.08000183105469
2026-06-03 14:36:00+00:00,103.19000244140625
2026-06-03 14:37:00+00:00,103.09010314941406
2026-06-03 14:39:00+00:00,103.16500091552734
2026-06-03 14:40:00+00:00,103.08999633789062
2026-06-03 14:41:00+00:00,102.92500305175781
2026-06-03 14:42:00+00:00,102.92500305175781
2026-06-03 14:43:00+00:00,102.92500305175781
2026-06-03 14:46:00+00:00,102.93009948730469
2026-06-03 14:48:00+00:00,103.16999816894531
2026-06-03 14:52:00+00:00,103.12000274658203
2026-06-03 14:53:00+00:00,103.26000213623047
2026-06-03 14:54:00+00:00,103.26000213623047
2026-06-03 14:55:00+00:00,103.3499984741211
2026-06-03 14:56:00+00:00,103.37000274658203
2026-06-03 14:57:00+00:00,103.62000274658203
2026-06-03 14:58:00+00:00,103.49500274658203
2026-06-03 14:59:00+00:00,103.4800033569336
2026-06-03 15:00:00+00:00,103.4749984741211
2026-06-03 15:01:00+00:00,103.47000122070312
2026-06-03 15:02:00+00:00,103.47000122070312
2026-06-03 15:03:00+00:00,103.55000305175781
2026-06-03 15:04:00+00:00,103.41000366210938
2026-06-03 15:05:00+00:00,103.27999877929688
2026-06-03 15:06:00+00:00,103.41999816894531
2026-06-03 15:08:00+00:00,103.56999969482422
2026-06-03 15:10:00+00:00,103.5999984741211
2026-06-03 15:11:00+00:00,103.55500030517578
2026-06-03 15:12:00+00:00,103.41000366210938
2026-06-03 15:16:00+00:00,103.51000213623047
2026-06-03 15:17:00+00:00,103.61000061035156
2026-06-03 15:18:00+00:00,103.68000030517578
2026-06-03 15:19:00+00:00,103.66999816894531
2026-06-03 15:20:00+00:00,103.61000061035156
2026-06-03 15:21:00+00:00,103.75
2026-06-03 15:22:00+00:00,103.69000244140625
2026-06-03 15:23:00+00:00,103.68499755859375
2026-06-03 15:24:00+00:00,103.68499755859375
2026-06-03 15:25:00+00:00,103.80000305175781
2026-06-03 15:26:00+00:00,104.16000366210938
2026-06-03 15:27:00+00:00,104.12999725341797
2026-06-03 15:28:00+00:00,104.07499694824219
2026-06-03 15:29:00+00:00,104.06500244140625
2026-06-03 15:30:00+00:00,104.06999969482422
2026-06-03 15:31:00+00:00,104.1675033569336
2026-06-03 15:32:00+00:00,104.08999633789062
2026-06-03 15:33:00+00:00,104.04499816894531
2026-06-03 15:34:00+00:00,104.0250015258789
2026-06-03 15:35:00+00:00,103.9800033569336
2026-06-03 15:37:00+00:00,103.88999938964844
2026-06-03 15:38:00+00:00,103.82499694824219
2026-06-03 15:39:00+00:00,103.83999633789062
2026-06-03 15:40:00+00:00,103.83999633789062
2026-06-03 15:41:00+00:00,103.51000213623047
2026-06-03 15:42:00+00:00,103.44999694824219
2026-06-03 15:46:00+00:00,103.43000030517578
2026-06-03 15:48:00+00:00,103.43000030517578
2026-06-03 15:49:00+00:00,103.41500091552734
2026-06-03 15:51:00+00:00,103.30999755859375
2026-06-03 15:52:00+00:00,103.30999755859375
2026-06-03 15:53:00+00:00,103.30000305175781
2026-06-03 15:54:00+00:00,103.43000030517578
2026-06-03 15:55:00+00:00,103.43499755859375
2026-06-03 15:58:00+00:00,103.56999969482422
2026-06-03 15:59:00+00:00,103.58999633789062
2026-06-03 16:00:00+00:00,103.75
2026-06-03 16:01:00+00:00,103.6084976196289
2026-06-03 16:02:00+00:00,103.75
2026-06-03 16:03:00+00:00,103.76000213623047
2026-06-03 16:04:00+00:00,103.91500091552734
2026-06-03 16:06:00+00:00,103.59500122070312
2026-06-03 16:07:00+00:00,103.63999938964844
2026-06-03 16:08:00+00:00,103.63999938964844
2026-06-03 16:10:00+00:00,103.68000030517578
2026-06-03 16:11:00+00:00,103.67500305175781
2026-06-03 16:12:00+00:00,103.68000030517578
2026-06-03 16:14:00+00:00,103.98500061035156
2026-06-03 16:15:00+00:00,103.98500061035156
2026-06-03 16:16:00+00:00,103.9800033569336
2026-06-03 16:17:00+00:00,103.88009643554688
2026-06-03 16:18:00+00:00,103.96499633789062
2026-06-03 16:19:00+00:00,103.98500061035156
2026-06-03 16:20:00+00:00,103.8550033569336
2026-06-03 16:21:00+00:00,103.7699966430664
2026-06-03 16:22:00+00:00,103.81500244140625
2026-06-03 16:23:00+00:00,103.7300033569336
2026-06-03 16:24:00+00:00,103.62999725341797
2026-06-03 16:25:00+00:00,103.66000366210938
2026-06-03 16:27:00+00:00,103.66500091552734
2026-06-03 16:28:00+00:00,103.66999816894531
2026-06-03 16:29:00+00:00,103.66999816894531
2026-06-03 16:30:00+00:00,103.7699966430664
2026-06-03 16:32:00+00:00,103.79000091552734
2026-06-03 16:33:00+00:00,103.8550033569336
2026-06-03 16:34:00+00:00,103.88999938964844
2026-06-03 16:35:00+00:00,103.88999938964844
2026-06-03 16:36:00+00:00,103.88999938964844
2026-06-03 16:37:00+00:00,103.88500213623047
2026-06-03 16:38:00+00:00,103.7699966430664
2026-06-03 16:39:00+00:00,103.7300033569336
2026-06-03 16:40:00+00:00,103.7249984741211
2026-06-03 16:41:00+00:00,103.8499984741211
2026-06-03 16:42:00+00:00,103.91000366210938
2026-06-03 16:45:00+00:00,103.83499908447266
2026-06-03 16:46:00+00:00,103.83499908447266
2026-06-03 16:47:00+00:00,103.83499908447266
2026-06-03 16:48:00+00:00,103.83000183105469
2026-06-03 16:52:00+00:00,103.83000183105469
2026-06-03 16:53:00+00:00,103.83000183105469
2026-06-03 16:54:00+00:00,103.83499908447266
2026-06-03 16:56:00+00:00,104.04000091552734
2026-06-03 16:58:00+00:00,104.02999877929688
2026-06-03 16:59:00+00:00,104.0199966430664
2026-06-03 17:00:00+00:00,104.18000030517578
2026-06-03 17:01:00+00:00,104.30999755859375
2026-06-03 17:02:00+00:00,104.37000274658203
2026-06-03 17:03:00+00:00,104.33999633789062
2026-06-03 17:04:00+00:00,104.30500030517578
2026-06-03 17:05:00+00:00,104.25
2026-06-03 17:07:00+00:00,104.3949966430664
2026-06-03 17:08:00+00:00,104.32499694824219
2026-06-03 17:09:00+00:00,104.36000061035156
2026-06-03 17:11:00+00:00,104.41999816894531
2026-06-03 17:12:00+00:00,104.42500305175781
2026-06-03 17:13:00+00:00,104.43499755859375
2026-06-03 17:14:00+00:00,104.36000061035156
2026-06-03 17:15:00+00:00,104.3550033569336
2026-06-03 17:16:00+00:00,104.3550033569336
2026-06-03 17:17:00+00:00,104.44999694824219
2026-06-03 17:18:00+00:00,104.43000030517578
2026-06-03 17:19:00+00:00,104.44000244140625
2026-06-03 17:21:00+00:00,104.41999816894531
2026-06-03 17:22:00+00:00,104.41999816894531
2026-06-03 17:23:00+00:00,104.39009857177734
2026-06-03 17:24:00+00:00,104.47000122070312
2026-06-03 17:28:00+00:00,104.42500305175781
2026-06-03 17:29:00+00:00,104.48999786376953
2026-06-03 17:30:00+00:00,104.4800033569336
2026-06-03 17:31:00+00:00,104.4749984741211
2026-06-03 17:32:00+00:00,104.55999755859375
2026-06-03 17:34:00+00:00,104.56500244140625
2026-06-03 17:38:00+00:00,104.9000015258789
2026-06-03 17:41:00+00:00,105.0
2026-06-03 17:42:00+00:00,105.06999969482422
2026-06-03 17:43:00+00:00,105.01000213623047
2026-06-03 17:44:00+00:00,104.98500061035156
2026-06-03 17:45:00+00:00,104.88999938964844
2026-06-03 17:46:00+00:00,105.12000274658203
2026-06-03 17:47:00+00:00,105.37000274658203
2026-06-03 17:48:00+00:00,105.44000244140625
2026-06-03 17:49:00+00:00,105.25
2026-06-03 17:50:00+00:00,105.26000213623047
2026-06-03 17:52:00+00:00,105.38500213623047
2026-06-03 17:54:00+00:00,105.63500213623047
2026-06-03 17:55:00+00:00,105.55000305175781
2026-06-03 17:56:00+00:00,105.5999984741211
2026-06-03 17:58:00+00:00,105.57499694824219
2026-06-03 17:59:00+00:00,105.5999984741211
2026-06-03 18:00:00+00:00,105.48500061035156
2026-06-03 18:02:00+00:00,105.46499633789062
2026-06-03 18:03:00+00:00,105.62000274658203
2026-06-03 18:04:00+00:00,105.86499786376953
2026-06-03 18:05:00+00:00,105.76000213623047
2026-06-03 18:06:00+00:00,105.66999816894531
2026-06-03 18:07:00+00:00,105.80500030517578
2026-06-03 18:08:00+00:00,105.94000244140625
2026-06-03 18:09:00+00:00,105.88999938964844
2026-06-03 18:10:00+00:00,105.93990325927734
2026-06-03 18:11:00+00:00,105.94999694824219
2026-06-03 18:12:00+00:00,106.04000091552734
2026-06-03 18:13:00+00:00,106.12999725341797
2026-06-03 18:14:00+00:00,106.05999755859375
2026-06-03 18:15:00+00:00,105.9800033569336
2026-06-03 18:16:00+00:00,105.9800033569336
2026-06-03 18:17:00+00:00,105.91999816894531
2026-06-03 18:18:00+00:00,105.8550033569336
2026-06-03 18:19:00+00:00,105.93000030517578
2026-06-03 18:20:00+00:00,105.80999755859375
2026-06-03 18:21:00+00:00,105.70500183105469
2026-06-03 18:24:00+00:00,105.6050033569336
2026-06-03 18:25:00+00:00,105.69999694824219
2026-06-03 18:26:00+00:00,105.71859741210938
2026-06-03 18:27:00+00:00,105.66000366210938
2026-06-03 18:28:00+00:00,105.63999938964844
2026-06-03 18:30:00+00:00,105.81500244140625
2026-06-03 18:31:00+00:00,105.83999633789062
2026-06-03 18:32:00+00:00,105.79000091552734
2026-06-03 18:33:00+00:00,105.69499969482422
2026-06-03 18:35:00+00:00,105.81500244140625
2026-06-03 18:36:00+00:00,105.82499694824219
2026-06-03 18:37:00+00:00,105.91999816894531
2026-06-03 18:38:00+00:00,105.91999816894531
2026-06-03 18:39:00+00:00,105.95999908447266
2026-06-03 18:40:00+00:00,105.95999908447266
2026-06-03 18:41:00+00:00,105.94999694824219
2026-06-03 18:42:00+00:00,105.87999725341797
2026-06-03 18:43:00+00:00,106.01000213623047
2026-06-03 18:44:00+00:00,105.95999908447266
2026-06-03 18:45:00+00:00,105.95500183105469
2026-06-03 18:46:00+00:00,105.77999877929688
2026-06-03 18:47:00+00:00,105.95999908447266
2026-06-03 18:48:00+00:00,106.16999816894531
2026-06-03 18:49:00+00:00,106.2300033569336
2026-06-03 18:50:00+00:00,106.26000213623047
2026-06-03 18:51:00+00:00,106.2699966430664
2026-06-03 18:52:00+00:00,106.27999877929688
2026-06-03 18:53:00+00:00,106.18499755859375
2026-06-03 18:54:00+00:00,106.18000030517578
2026-06-03 18:55:00+00:00,106.18000030517578
2026-06-03 18:56:00+00:00,106.18000030517578
2026-06-03 18:57:00+00:00,106.11000061035156
2026-06-03 18:58:00+00:00,106.05000305175781
2026-06-03 19:00:00+00:00,105.86000061035156
2026-06-03 19:01:00+00:00,105.94999694824219
2026-06-03 19:02:00+00:00,105.86499786376953
2026-06-03 19:03:00+00:00,105.95999908447266
2026-06-03 19:04:00+00:00,105.91500091552734
2026-06-03 19:05:00+00:00,105.94000244140625
2026-06-03 19:06:00+00:00,105.96499633789062
2026-06-03 19:07:00+00:00,105.95999908447266
2026-06-03 19:08:00+00:00,105.9800033569336
2026-06-03 19:09:00+00:00,105.8550033569336
2026-06-03 19:10:00+00:00,105.86000061035156
2026-06-03 19:11:00+00:00,105.86009979248047
2026-06-03 19:12:00+00:00,105.86000061035156
2026-06-03 19:13:00+00:00,105.86000061035156
2026-06-03 19:14:00+00:00,105.88500213623047
2026-06-03 19:15:00+00:00,105.86499786376953
2026-06-03 19:16:00+00:00,106.01000213623047
2026-06-03 19:17:00+00:00,106.04000091552734
2026-06-03 19:18:00+00:00,106.02999877929688
2026-06-03 19:19:00+00:00,106.08999633789062
2026-06-03 19:20:00+00:00,106.16999816894531
2026-06-03 19:21:00+00:00,106.11000061035156
2026-06-03 19:22:00+00:00,106.19499969482422
2026-06-03 19:23:00+00:00,106.08499908447266
2026-06-03 19:24:00+00:00,105.80999755859375
2026-06-03 19:25:00+00:00,105.88749694824219
2026-06-03 19:26:00+00:00,105.94000244140625
2026-06-03 19:27:00+00:00,105.79499816894531
2026-06-03 19:28:00+00:00,105.73999786376953
2026-06-03 19:29:00+00:00,105.68000030517578
2026-06-03 19:30:00+00:00,105.5199966430664
2026-06-03 19:31:00+00:00,105.71499633789062
2026-06-03 19:32:00+00:00,105.75
2026-06-03 19:33:00+00:00,105.75
2026-06-03 19:34:00+00:00,105.7300033569336
2026-06-03 19:35:00+00:00,105.73500061035156
2026-06-03 19:36:00+00:00,105.58000183105469
2026-06-03 19:37:00+00:00,105.56999969482422
2026-06-03 19:38:00+00:00,105.61000061035156
2026-06-03 19:39:00+00:00,105.6449966430664
2026-06-03 19:40:00+00:00,105.51000213623047
2026-06-03 19:41:00+00:00,105.52999877929688
2026-06-03 19:42:00+00:00,105.69999694824219
2026-06-03 19:43:00+00:00,105.72250366210938
2026-06-03 19:44:00+00:00,105.48999786376953
2026-06-03 19:45:00+00:00,105.27999877929688
2026-06-03 19:46:00+00:00,104.9000015258789
2026-06-03 19:47:00+00:00,104.81500244140625
2026-06-03 19:48:00+00:00,104.73999786376953
2026-06-03 19:49:00+00:00,104.75
2026-06-03 19:50:00+00:00,104.77999877929688
2026-06-03 19:51:00+00:00,105.02999877929688
2026-06-03 19:52:00+00:00,104.94000244140625
2026-06-03 19:53:00+00:00,104.80999755859375
2026-06-03 19:54:00+00:00,104.98999786376953
2026-06-03 19:55:00+00:00,104.91999816894531
2026-06-03 19:56:00+00:00,105.02999877929688
2026-06-03 19:57:00+00:00,104.94499969482422
2026-06-03 19:58:00+00:00,104.94000244140625
2026-06-03 19:59:00+00:00,104.93000030517578
2026-06-04 13:30:00+00:00,105.38500213623047
2026-06-04 13:31:00+00:00,105.30999755859375
2026-06-04 13:33:00+00:00,105.08000183105469
2026-06-04 13:34:00+00:00,105.11000061035156
2026-06-04 13:35:00+00:00,105.04000091552734
2026-06-04 13:36:00+00:00,105.06999969482422
2026-06-04 13:37:00+00:00,105.20999908447266
2026-06-04 13:38:00+00:00,105.0199966430664
2026-06-04 13:39:00+00:00,105.4000015258789
2026-06-04 13:40:00+00:00,105.0199966430664
2026-06-04 13:41:00+00:00,104.95999908447266
2026-06-04 13:42:00+00:00,105.12999725341797
2026-06-04 13:43:00+00:00,105.43000030517578
2026-06-04 13:44:00+00:00,105.43499755859375
2026-06-04 13:45:00+00:00,105.18000030517578
2026-06-04 13:46:00+00:00,104.83999633789062
2026-06-04 13:47:00+00:00,105.18499755859375
2026-06-04 13:48:00+00:00,105.25
2026-06-04 13:49:00+00:00,105.30999755859375
2026-06-04 13:50:00+00:00,105.20999908447266
2026-06-04 13:51:00+00:00,105.16000366210938
2026-06-04 13:52:00+00:00,105.32499694824219
2026-06-04 13:53:00+00:00,105.61000061035156
2026-06-04 13:54:00+00:00,105.36000061035156
2026-06-04 13:56:00+00:00,105.43000030517578
2026-06-04 13:57:00+00:00,105.33000183105469
2026-06-04 13:58:00+00:00,105.18000030517578
2026-06-04 13:59:00+00:00,105.1050033569336
2026-06-04 14:00:00+00:00,105.10250091552734
2026-06-04 14:01:00+00:00,105.0
2026-06-04 14:02:00+00:00,104.9800033569336
2026-06-04 14:03:00+00:00,104.91500091552734
2026-06-04 14:04:00+00:00,104.79000091552734
2026-06-04 14:05:00+00:00,104.70999908447266
2026-06-04 14:06:00+00:00,104.68000030517578
2026-06-04 14:07:00+00:00,105.47000122070312
2026-06-04 14:08:00+00:00,105.46499633789062
2026-06-04 14:09:00+00:00,105.31999969482422
2026-06-04 14:10:00+00:00,105.38999938964844
2026-06-04 14:11:00+00:00,105.26000213623047
2026-06-04 14:12:00+00:00,104.87999725341797
2026-06-04 14:13:00+00:00,104.7300033569336
2026-06-04 14:14:00+00:00,104.80999755859375
2026-06-04 14:15:00+00:00,104.83999633789062
2026-06-04 14:17:00+00:00,104.9800033569336
2026-06-04 14:18:00+00:00,104.91000366210938
2026-06-04 14:19:00+00:00,104.7300033569336
2026-06-04 14:20:00+00:00,104.80999755859375
2026-06-04 14:21:00+00:00,104.9800033569336
2026-06-04 14:23:00+00:00,104.9000015258789
2026-06-04 14:24:00+00:00,104.82499694824219
2026-06-04 14:25:00+00:00,104.8125
2026-06-04 14:26:00+00:00,104.66000366210938
2026-06-04 14:28:00+00:00,104.62999725341797
2026-06-04 14:33:00+00:00,104.74500274658203
2026-06-04 14:34:00+00:00,104.79000091552734
2026-06-04 14:35:00+00:00,104.79000091552734
2026-06-04 14:39:00+00:00,105.05000305175781
2026-06-04 14:40:00+00:00,104.9697036743164
2026-06-04 14:43:00+00:00,104.88999938964844
2026-06-04 14:44:00+00:00,104.95500183105469
2026-06-04 14:45:00+00:00,104.95999908447266
2026-06-04 14:46:00+00:00,104.87000274658203
2026-06-04 14:47:00+00:00,104.94999694824219
2026-06-04 14:48:00+00:00,104.94499969482422
2026-06-04 14:49:00+00:00,104.94000244140625
2026-06-04 14:51:00+00:00,104.9000015258789
2026-06-04 14:52:00+00:00,104.94999694824219
2026-06-04 14:53:00+00:00,105.03500366210938
2026-06-04 14:54:00+00:00,104.94499969482422
2026-06-04 14:55:00+00:00,104.83999633789062
2026-06-04 14:56:00+00:00,104.80999755859375
2026-06-04 14:57:00+00:00,104.79000091552734
2026-06-04 14:58:00+00:00,104.26000213623047
2026-06-04 14:59:00+00:00,104.12000274658203
2026-06-04 15:00:00+00:00,104.1500015258789
2026-06-04 15:01:00+00:00,104.06999969482422
2026-06-04 15:02:00+00:00,104.25
2026-06-04 15:03:00+00:00,104.2249984741211
2026-06-04 15:05:00+00:00,104.2249984741211
2026-06-04 15:07:00+00:00,104.20500183105469
2026-06-04 15:08:00+00:00,104.36000061035156
2026-06-04 15:09:00+00:00,104.36000061035156
2026-06-04 15:10:00+00:00,104.05000305175781
2026-06-04 15:11:00+00:00,104.06500244140625
2026-06-04 15:12:00+00:00,104.125
2026-06-04 15:13:00+00:00,104.05000305175781
2026-06-04 15:14:00+00:00,103.99490356445312
2026-06-04 15:15:00+00:00,103.77999877929688
2026-06-04 15:16:00+00:00,103.75509643554688
2026-06-04 15:17:00+00:00,103.83989715576172
2026-06-04 15:18:00+00:00,103.61000061035156
2026-06-04 15:19:00+00:00,103.53079986572266
2026-06-04 15:20:00+00:00,103.58999633789062
2026-06-04 15:21:00+00:00,103.62999725341797
2026-06-04 15:22:00+00:00,103.56060028076172
2026-06-04 15:23:00+00:00,103.62999725341797
2026-06-04 15:24:00+00:00,103.68000030517578
2026-06-04 15:25:00+00:00,103.83999633789062
2026-06-04 15:26:00+00:00,103.55000305175781
2026-06-04 15:27:00+00:00,103.6050033569336
2026-06-04 15:29:00+00:00,103.5999984741211
2026-06-04 15:30:00+00:00,103.58000183105469
2026-06-04 15:31:00+00:00,103.56999969482422
2026-06-04 15:32:00+00:00,103.68000030517578
2026-06-04 15:33:00+00:00,103.56500244140625
2026-06-04 15:34:00+00:00,103.5199966430664
2026-06-04 15:35:00+00:00,103.63999938964844
2026-06-04 15:37:00+00:00,103.68000030517578
2026-06-04 15:39:00+00:00,103.67500305175781
2026-06-04 15:41:00+00:00,103.58000183105469
2026-06-04 15:42:00+00:00,103.6500015258789
2026-06-04 15:43:00+00:00,103.58999633789062
2026-06-04 15:44:00+00:00,103.6050033569336
2026-06-04 15:45:00+00:00,103.7300033569336
2026-06-04 15:46:00+00:00,103.81999969482422
2026-06-04 15:48:00+00:00,103.86000061035156
2026-06-04 15:49:00+00:00,103.80750274658203
2026-06-04 15:50:00+00:00,103.69999694824219
2026-06-04 15:51:00+00:00,103.71040344238281
2026-06-04 15:53:00+00:00,103.69000244140625
2026-06-04 15:56:00+00:00,103.81999969482422
2026-06-04 15:57:00+00:00,103.75499725341797
2026-06-04 15:58:00+00:00,103.66999816894531
2026-06-04 15:59:00+00:00,103.75
2026-06-04 16:00:00+00:00,103.81999969482422
2026-06-04 16:02:00+00:00,103.80999755859375
2026-06-04 16:03:00+00:00,103.82250213623047
2026-06-04 16:04:00+00:00,103.99500274658203
2026-06-04 16:05:00+00:00,103.8949966430664
2026-06-04 16:06:00+00:00,103.90499877929688
2026-06-04 16:07:00+00:00,104.02999877929688
2026-06-04 16:08:00+00:00,104.13999938964844
2026-06-04 16:09:00+00:00,104.32009887695312
2026-06-04 16:10:00+00:00,104.19999694824219
2026-06-04 16:11:00+00:00,104.37000274658203
2026-06-04 16:12:00+00:00,104.45999908447266
2026-06-04 16:13:00+00:00,104.48999786376953
2026-06-04 16:16:00+00:00,104.29000091552734
2026-06-04 16:17:00+00:00,104.12999725341797
2026-06-04 16:19:00+00:00,104.17500305175781
2026-06-04 16:21:00+00:00,104.19999694824219
2026-06-04 16:24:00+00:00,104.19999694824219
2026-06-04 16:30:00+00:00,104.41000366210938
2026-06-04 16:31:00+00:00,104.29000091552734
2026-06-04 16:32:00+00:00,104.29000091552734
2026-06-04 16:35:00+00:00,104.33999633789062
2026-06-04 16:36:00+00:00,104.27999877929688
2026-06-04 16:37:00+00:00,104.19000244140625
2026-06-04 16:39:00+00:00,104.19000244140625
2026-06-04 16:40:00+00:00,104.20999908447266
2026-06-04 16:41:00+00:00,104.26000213623047
2026-06-04 16:43:00+00:00,104.26000213623047
2026-06-04 16:45:00+00:00,104.26000213623047
2026-06-04 16:46:00+00:00,104.26000213623047
2026-06-04 16:47:00+00:00,104.2249984741211
2026-06-04 16:49:00+00:00,104.26499938964844
2026-06-04 16:50:00+00:00,104.05999755859375
2026-06-04 16:51:00+00:00,104.01000213623047
2026-06-04 16:53:00+00:00,104.0199966430664
2026-06-04 16:55:00+00:00,104.01499938964844
2026-06-04 16:58:00+00:00,103.94000244140625
2026-06-04 17:00:00+00:00,103.94999694824219
2026-06-04 17:01:00+00:00,103.91000366210938
2026-06-04 17:03:00+00:00,104.01789855957031
2026-06-04 17:04:00+00:00,104.04840087890625
2026-06-04 17:05:00+00:00,104.05000305175781
2026-06-04 17:07:00+00:00,104.0
2026-06-04 17:08:00+00:00,103.94999694824219
2026-06-04 17:09:00+00:00,103.88999938964844
2026-06-04 17:10:00+00:00,103.9000015258789
2026-06-04 17:11:00+00:00,103.88999938964844
2026-06-04 17:12:00+00:00,103.88999938964844
2026-06-04 17:14:00+00:00,103.875
2026-06-04 17:15:00+00:00,103.87999725341797
2026-06-04 17:16:00+00:00,103.88999938964844
2026-06-04 17:18:00+00:00,103.98999786376953
2026-06-04 17:19:00+00:00,103.88999938964844
2026-06-04 17:20:00+00:00,103.90499877929688
2026-06-04 17:21:00+00:00,103.81999969482422
2026-06-04 17:23:00+00:00,103.80500030517578
2026-06-04 17:24:00+00:00,103.70999908447266
2026-06-04 17:27:00+00:00,103.66000366210938
2026-06-04 17:30:00+00:00,103.68000030517578
2026-06-04 17:31:00+00:00,103.58000183105469
2026-06-04 17:32:00+00:00,103.51000213623047
2026-06-04 17:33:00+00:00,103.5
2026-06-04 17:35:00+00:00,103.5250015258789
2026-06-04 17:36:00+00:00,103.68000030517578
2026-06-04 17:38:00+00:00,103.56999969482422
2026-06-04 17:39:00+00:00,103.61499786376953
2026-06-04 17:40:00+00:00,103.70580291748047
2026-06-04 17:41:00+00:00,103.62999725341797
2026-06-04 17:42:00+00:00,103.62999725341797
2026-06-04 17:43:00+00:00,103.41999816894531
2026-06-04 17:44:00+00:00,103.44999694824219
2026-06-04 17:47:00+00:00,103.5
2026-06-04 17:48:00+00:00,103.4749984741211
2026-06-04 17:50:00+00:00,103.44999694824219
2026-06-04 17:51:00+00:00,103.48500061035156
2026-06-04 17:52:00+00:00,103.33499908447266
2026-06-04 17:55:00+00:00,103.44000244140625
2026-06-04 17:56:00+00:00,103.43000030517578
2026-06-04 17:57:00+00:00,103.55999755859375
2026-06-04 17:58:00+00:00,103.51000213623047
2026-06-04 17:59:00+00:00,103.54000091552734
2026-06-04 18:00:00+00:00,103.47000122070312
2026-06-04 18:02:00+00:00,103.38999938964844
2026-06-04 18:03:00+00:00,103.44999694824219
2026-06-04 18:04:00+00:00,103.44999694824219
2026-06-04 18:05:00+00:00,103.45999908447266
2026-06-04 18:06:00+00:00,103.45999908447266
2026-06-04 18:08:00+00:00,103.42500305175781
2026-06-04 18:09:00+00:00,103.41999816894531
2026-06-04 18:10:00+00:00,103.41999816894531
2026-06-04 18:11:00+00:00,103.4800033569336
2026-06-04 18:12:00+00:00,103.48500061035156
2026-06-04 18:14:00+00:00,103.4800033569336
2026-06-04 18:15:00+00:00,103.49749755859375
2026-06-04 18:16:00+00:00,103.38999938964844
2026-06-04 18:17:00+00:00,103.44999694824219
2026-06-04 18:19:00+00:00,103.44000244140625
2026-06-04 18:21:00+00:00,103.37999725341797
2026-06-04 18:22:00+00:00,103.3550033569336
2026-06-04 18:23:00+00:00,103.3550033569336
2026-06-04 18:24:00+00:00,103.30000305175781
2026-06-04 18:25:00+00:00,103.5199966430664
2026-06-04 18:26:00+00:00,103.48999786376953
2026-06-04 18:28:00+00:00,103.48999786376953
2026-06-04 18:29:00+00:00,103.48500061035156
2026-06-04 18:31:00+00:00,103.54000091552734
2026-06-04 18:33:00+00:00,103.58999633789062
2026-06-04 18:34:00+00:00,103.57499694824219
2026-06-04 18:36:00+00:00,103.5
2026-06-04 18:38:00+00:00,103.4749984741211
2026-06-04 18:40:00+00:00,103.5199966430664
2026-06-04 18:41:00+00:00,103.51000213623047
2026-06-04 18:42:00+00:00,103.52999877929688
2026-06-04 18:43:00+00:00,103.50499725341797
2026-06-04 18:45:00+00:00,103.45999908447266
2026-06-04 18:47:00+00:00,103.58000183105469
2026-06-04 18:49:00+00:00,103.58999633789062
2026-06-04 18:50:00+00:00,103.58000183105469
2026-06-04 18:51:00+00:00,103.57499694824219
2026-06-04 18:52:00+00:00,103.43000030517578
2026-06-04 18:54:00+00:00,103.46499633789062
2026-06-04 18:55:00+00:00,103.55500030517578
2026-06-04 18:56:00+00:00,103.69499969482422
2026-06-04 18:57:00+00:00,103.85250091552734
2026-06-04 18:59:00+00:00,103.68000030517578
2026-06-04 19:00:00+00:00,103.68000030517578
2026-06-04 19:01:00+00:00,103.68000030517578
2026-06-04 19:02:00+00:00,103.74500274658203
2026-06-04 19:03:00+00:00,103.76000213623047
2026-06-04 19:06:00+00:00,103.7699966430664
2026-06-04 19:07:00+00:00,103.8949966430664
2026-06-04 19:08:00+00:00,103.87999725341797
2026-06-04 19:09:00+00:00,103.8489990234375
2026-06-04 19:10:00+00:00,103.875
2026-06-04 19:11:00+00:00,103.87000274658203
2026-06-04 19:12:00+00:00,103.93000030517578
2026-06-04 19:13:00+00:00,103.91999816894531
2026-06-04 19:14:00+00:00,103.9000015258789
2026-06-04 19:15:00+00:00,103.88999938964844
2026-06-04 19:16:00+00:00,103.77999877929688
2026-06-04 19:17:00+00:00,103.83999633789062
2026-06-04 19:19:00+00:00,103.75
2026-06-04 19:20:00+00:00,103.74500274658203
2026-06-04 19:21:00+00:00,103.69999694824219
2026-06-04 19:22:00+00:00,103.7699966430664
2026-06-04 19:23:00+00:00,103.8499984741211
2026-06-04 19:24:00+00:00,103.80000305175781
2026-06-04 19:25:00+00:00,103.8499984741211
2026-06-04 19:27:00+00:00,103.66999816894531
2026-06-04 19:28:00+00:00,103.76000213623047
2026-06-04 19:29:00+00:00,103.62000274658203
2026-06-04 19:30:00+00:00,103.68000030517578
2026-06-04 19:31:00+00:00,103.69000244140625
2026-06-04 19:32:00+00:00,103.5801010131836
2026-06-04 19:33:00+00:00,103.7125015258789
2026-06-04 19:34:00+00:00,103.72000122070312
2026-06-04 19:35:00+00:00,103.66000366210938
2026-06-04 19:36:00+00:00,103.70999908447266
2026-06-04 19:37:00+00:00,103.69499969482422
2026-06-04 19:38:00+00:00,103.68000030517578
2026-06-04 19:39:00+00:00,103.70500183105469
2026-06-04 19:40:00+00:00,103.7300033569336
2026-06-04 19:41:00+00:00,103.74500274658203
2026-06-04 19:42:00+00:00,103.5999984741211
2026-06-04 19:43:00+00:00,103.58999633789062
2026-06-04 19:44:00+00:00,103.5
2026-06-04 19:45:00+00:00,103.57499694824219
2026-06-04 19:46:00+00:00,103.28500366210938
2026-06-04 19:47:00+00:00,103.33000183105469
2026-06-04 19:48:00+00:00,104.94999694824219
2026-06-04 19:49:00+00:00,103.3550033569336
2026-06-04 19:50:00+00:00,103.33000183105469
2026-06-04 19:51:00+00:00,103.30000305175781
2026-06-04 19:52:00+00:00,103.30999755859375
2026-06-04 19:53:00+00:00,103.30999755859375
2026-06-04 19:54:00+00:00,103.375
2026-06-04 19:55:00+00:00,103.41999816894531
2026-06-04 19:56:00+00:00,103.34500122070312
2026-06-04 19:57:00+00:00,103.56999969482422
2026-06-04 19:58:00+00:00,103.7699966430664
2026-06-04 19:59:00+00:00,103.62000274658203
2026-06-05 13:30:00+00:00,104.04000091552734
2026-06-05 13:31:00+00:00,103.87999725341797
2026-06-05 13:33:00+00:00,103.79000091552734
2026-06-05 13:34:00+00:00,104.42500305175781
2026-06-05 13:35:00+00:00,104.18000030517578
2026-06-05 13:36:00+00:00,104.19999694824219
2026-06-05 13:37:00+00:00,104.55989837646484
2026-06-05 13:38:00+00:00,104.16000366210938
2026-06-05 13:39:00+00:00,104.37999725341797
2026-06-05 13:40:00+00:00,104.26499938964844
2026-06-05 13:41:00+00:00,104.2300033569336
2026-06-05 13:42:00+00:00,104.125
2026-06-05 13:43:00+00:00,104.125
2026-06-05 13:44:00+00:00,104.12000274658203
2026-06-05 13:45:00+00:00,103.88749694824219
2026-06-05 13:46:00+00:00,103.91000366210938
2026-06-05 13:48:00+00:00,103.74500274658203
2026-06-05 13:49:00+00:00,103.69499969482422
2026-06-05 13:50:00+00:00,103.68000030517578
2026-06-05 13:52:00+00:00,103.55000305175781
2026-06-05 13:53:00+00:00,103.30000305175781
2026-06-05 13:54:00+00:00,103.30000305175781
2026-06-05 13:55:00+00:00,103.30010223388672
2026-06-05 13:56:00+00:00,103.30000305175781
2026-06-05 13:58:00+00:00,103.31500244140625
2026-06-05 13:59:00+00:00,103.63999938964844
2026-06-05 14:02:00+00:00,103.98999786376953
2026-06-05 14:03:00+00:00,103.88999938964844
2026-06-05 14:05:00+00:00,103.875
2026-06-05 14:06:00+00:00,103.68000030517578
2026-06-05 14:09:00+00:00,103.80999755859375
2026-06-05 14:10:00+00:00,103.80999755859375
2026-06-05 14:11:00+00:00,104.02999877929688
2026-06-05 14:12:00+00:00,104.01000213623047
2026-06-05 14:13:00+00:00,103.93499755859375
2026-06-05 14:15:00+00:00,103.94999694824219
2026-06-05 14:16:00+00:00,103.91500091552734
2026-06-05 14:17:00+00:00,103.91000366210938
2026-06-05 14:18:00+00:00,103.9000015258789
2026-06-05 14:19:00+00:00,103.72000122070312
2026-06-05 14:20:00+00:00,103.75
2026-06-05 14:21:00+00:00,103.7300033569336
2026-06-05 14:22:00+00:00,103.70500183105469
2026-06-05 14:24:00+00:00,103.77999877929688
2026-06-05 14:25:00+00:00,103.83000183105469
2026-06-05 14:26:00+00:00,103.87999725341797
2026-06-05 14:27:00+00:00,103.91000366210938
2026-06-05 14:28:00+00:00,104.00499725341797
2026-06-05 14:29:00+00:00,104.06999969482422
2026-06-05 14:30:00+00:00,104.2249984741211
2026-06-05 14:31:00+00:00,104.3499984741211
2026-06-05 14:32:00+00:00,104.32499694824219
2026-06-05 14:33:00+00:00,104.73500061035156
2026-06-05 14:34:00+00:00,104.61000061035156
2026-06-05 14:35:00+00:00,104.7750015258789
2026-06-05 14:36:00+00:00,104.80000305175781
2026-06-05 14:37:00+00:00,105.08000183105469
2026-06-05 14:38:00+00:00,105.55000305175781
2026-06-05 14:39:00+00:00,105.43499755859375
2026-06-05 14:40:00+00:00,105.42500305175781
2026-06-05 14:43:00+00:00,105.41500091552734
2026-06-05 14:44:00+00:00,105.58999633789062
2026-06-05 14:45:00+00:00,105.25
2026-06-05 14:46:00+00:00,105.27999877929688
2026-06-05 14:47:00+00:00,105.43000030517578
2026-06-05 14:48:00+00:00,105.3301010131836
2026-06-05 14:49:00+00:00,105.33000183105469
2026-06-05 14:50:00+00:00,105.33000183105469
2026-06-05 14:51:00+00:00,105.5250015258789
2026-06-05 14:52:00+00:00,105.5999984741211
2026-06-05 14:53:00+00:00,105.58000183105469
2026-06-05 14:54:00+00:00,105.7699966430664
2026-06-05 14:55:00+00:00,105.97000122070312
2026-06-05 14:56:00+00:00,105.95999908447266
2026-06-05 14:57:00+00:00,106.05500030517578
2026-06-05 14:58:00+00:00,106.05249786376953
2026-06-05 14:59:00+00:00,106.18000030517578
2026-06-05 15:00:00+00:00,106.25499725341797
2026-06-05 15:01:00+00:00,106.16999816894531
2026-06-05 15:02:00+00:00,105.88500213623047
2026-06-05 15:04:00+00:00,105.78250122070312
2026-06-05 15:05:00+00:00,105.86750030517578
2026-06-05 15:06:00+00:00,105.78500366210938
2026-06-05 15:07:00+00:00,105.77999877929688
2026-06-05 15:08:00+00:00,105.61869812011719
2026-06-05 15:09:00+00:00,105.54000091552734
2026-06-05 15:10:00+00:00,105.65499877929688
2026-06-05 15:14:00+00:00,105.69000244140625
2026-06-05 15:15:00+00:00,105.55999755859375
2026-06-05 15:16:00+00:00,105.56500244140625
2026-06-05 15:19:00+00:00,105.55000305175781
2026-06-05 15:20:00+00:00,105.5199966430664
2026-06-05 15:21:00+00:00,105.5999984741211
2026-06-05 15:22:00+00:00,105.61000061035156
2026-06-05 15:23:00+00:00,105.67259979248047
2026-06-05 15:24:00+00:00,105.69000244140625
2026-06-05 15:25:00+00:00,105.68000030517578
2026-06-05 15:26:00+00:00,105.8499984741211
2026-06-05 15:27:00+00:00,105.66999816894531
2026-06-05 15:28:00+00:00,105.76000213623047
2026-06-05 15:29:00+00:00,105.6050033569336
2026-06-05 15:30:00+00:00,105.5
2026-06-05 15:31:00+00:00,105.5199966430664
2026-06-05 15:32:00+00:00,105.68000030517578
2026-06-05 15:33:00+00:00,105.5999984741211
2026-06-05 15:34:00+00:00,105.56999969482422
2026-06-05 15:35:00+00:00,105.58000183105469
2026-06-05 15:36:00+00:00,105.5999984741211
2026-06-05 15:37:00+00:00,105.5999984741211
2026-06-05 15:38:00+00:00,105.5999984741211
2026-06-05 15:39:00+00:00,105.5199966430664
2026-06-05 15:42:00+00:00,105.5
2026-06-05 15:43:00+00:00,105.48500061035156
2026-06-05 15:44:00+00:00,105.37000274658203
2026-06-05 15:45:00+00:00,105.27999877929688
2026-06-05 15:46:00+00:00,105.19000244140625
2026-06-05 15:47:00+00:00,105.30000305175781
2026-06-05 15:48:00+00:00,105.29000091552734
2026-06-05 15:49:00+00:00,105.38999938964844
2026-06-05 15:50:00+00:00,105.16999816894531
2026-06-05 15:51:00+00:00,105.2300033569336
2026-06-05 15:52:00+00:00,105.12000274658203
2026-06-05 15:53:00+00:00,105.11000061035156
2026-06-05 15:54:00+00:00,105.1050033569336
2026-06-05 15:56:00+00:00,105.08000183105469
2026-06-05 15:57:00+00:00,105.08499908447266
2026-06-05 15:58:00+00:00,105.05000305175781
2026-06-05 16:02:00+00:00,105.13999938964844
2026-06-05 16:03:00+00:00,105.0999984741211
2026-06-05 16:04:00+00:00,104.94999694824219
2026-06-05 16:05:00+00:00,104.73500061035156
2026-06-05 16:06:00+00:00,105.01499938964844
2026-06-05 16:07:00+00:00,105.06999969482422
2026-06-05 16:08:00+00:00,105.0
2026-06-05 16:09:00+00:00,105.06999969482422
2026-06-05 16:10:00+00:00,104.98999786376953
2026-06-05 16:11:00+00:00,104.81500244140625
2026-06-05 16:14:00+00:00,104.9000015258789
2026-06-05 16:15:00+00:00,104.88999938964844
2026-06-05 16:16:00+00:00,104.88999938964844
2026-06-05 16:17:00+00:00,104.88500213623047
2026-06-05 16:19:00+00:00,105.0
2026-06-05 16:20:00+00:00,104.87999725341797
2026-06-05 16:21:00+00:00,104.86499786376953
2026-06-05 16:22:00+00:00,104.95999908447266
2026-06-05 16:23:00+00:00,105.08999633789062
2026-06-05 16:24:00+00:00,105.07499694824219
2026-06-05 16:25:00+00:00,104.97000122070312
2026-06-05 16:27:00+00:00,105.02999877929688
2026-06-05 16:28:00+00:00,104.91500091552734
2026-06-05 16:29:00+00:00,104.93000030517578
2026-06-05 16:30:00+00:00,104.91500091552734
2026-06-05 16:31:00+00:00,104.91000366210938
2026-06-05 16:35:00+00:00,105.0
2026-06-05 16:38:00+00:00,105.11000061035156
2026-06-05 16:39:00+00:00,105.0999984741211
2026-06-05 16:40:00+00:00,104.91000366210938
2026-06-05 16:41:00+00:00,104.93499755859375
2026-06-05 16:42:00+00:00,104.97000122070312
2026-06-05 16:43:00+00:00,104.84010314941406
2026-06-05 16:44:00+00:00,104.93000030517578
2026-06-05 16:45:00+00:00,104.92500305175781
2026-06-05 16:46:00+00:00,104.94000244140625
2026-06-05 16:47:00+00:00,104.94000244140625
2026-06-05 16:49:00+00:00,105.0250015258789
2026-06-05 16:51:00+00:00,105.01000213623047
2026-06-05 16:52:00+00:00,105.03500366210938
2026-06-05 16:53:00+00:00,105.19000244140625
2026-06-05 16:54:00+00:00,105.1500015258789
2026-06-05 16:55:00+00:00,105.16500091552734
2026-06-05 16:56:00+00:00,105.2699966430664
2026-06-05 16:57:00+00:00,105.25
2026-06-05 16:58:00+00:00,105.20999908447266
2026-06-05 16:59:00+00:00,105.31999969482422
2026-06-05 17:00:00+00:00,105.27999877929688
2026-06-05 17:06:00+00:00,105.4000015258789
2026-06-05 17:07:00+00:00,105.4000015258789
2026-06-05 17:08:00+00:00,105.37999725341797
2026-06-05 17:09:00+00:00,105.33499908447266
2026-06-05 17:11:00+00:00,105.36000061035156
2026-06-05 17:12:00+00:00,105.37000274658203
2026-06-05 17:14:00+00:00,105.44999694824219
2026-06-05 17:15:00+00:00,105.54000091552734
2026-06-05 17:16:00+00:00,105.4000015258789
2026-06-05 17:19:00+00:00,105.42500305175781
2026-06-05 17:20:00+00:00,105.44999694824219
2026-06-05 17:22:00+00:00,105.45999908447266
2026-06-05 17:23:00+00:00,105.43000030517578
2026-06-05 17:24:00+00:00,105.33000183105469
2026-06-05 17:25:00+00:00,105.36000061035156
2026-06-05 17:26:00+00:00,105.34500122070312
2026-06-05 17:28:00+00:00,105.41000366210938
2026-06-05 17:30:00+00:00,105.4000015258789
2026-06-05 17:31:00+00:00,105.43000030517578
2026-06-05 17:33:00+00:00,105.44999694824219
2026-06-05 17:34:00+00:00,105.3550033569336
2026-06-05 17:35:00+00:00,105.26000213623047
2026-06-05 17:36:00+00:00,105.26000213623047
2026-06-05 17:37:00+00:00,105.41999816894531
2026-06-05 17:39:00+00:00,105.3550033569336
2026-06-05 17:41:00+00:00,105.37999725341797
2026-06-05 17:42:00+00:00,105.31999969482422
2026-06-05 17:43:00+00:00,105.31990051269531
2026-06-05 17:44:00+00:00,105.2300033569336
2026-06-05 17:46:00+00:00,105.22000122070312
2026-06-05 17:48:00+00:00,105.30500030517578
2026-06-05 17:49:00+00:00,105.2301025390625
2026-06-05 17:51:00+00:00,105.34500122070312
2026-06-05 17:53:00+00:00,105.34500122070312
2026-06-05 17:54:00+00:00,105.4000015258789
2026-06-05 17:56:00+00:00,105.3499984741211
2026-06-05 17:58:00+00:00,105.35749816894531
2026-06-05 17:59:00+00:00,105.45999908447266
2026-06-05 18:00:00+00:00,105.44999694824219
2026-06-05 18:02:00+00:00,105.3949966430664
2026-06-05 18:04:00+00:00,105.38999938964844
2026-06-05 18:05:00+00:00,105.43000030517578
2026-06-05 18:06:00+00:00,105.31999969482422
2026-06-05 18:08:00+00:00,105.30500030517578
2026-06-05 18:09:00+00:00,105.29499816894531
2026-06-05 18:10:00+00:00,105.2750015258789
2026-06-05 18:11:00+00:00,105.26000213623047
2026-06-05 18:12:00+00:00,105.24500274658203
2026-06-05 18:13:00+00:00,105.3949966430664
2026-06-05 18:14:00+00:00,105.30999755859375
2026-06-05 18:15:00+00:00,105.29000091552734
2026-06-05 18:16:00+00:00,105.30999755859375
2026-06-05 18:17:00+00:00,105.30999755859375
2026-06-05 18:18:00+00:00,105.402099609375
2026-06-05 18:19:00+00:00,105.3499984741211
2026-06-05 18:20:00+00:00,105.51000213623047
2026-06-05 18:22:00+00:00,105.31999969482422
2026-06-05 18:23:00+00:00,105.4000015258789
2026-06-05 18:24:00+00:00,105.375
2026-06-05 18:25:00+00:00,105.3499984741211
2026-06-05 18:26:00+00:00,105.2249984741211
2026-06-05 18:27:00+00:00,105.19999694824219
2026-06-05 18:28:00+00:00,105.19000244140625
2026-06-05 18:29:00+00:00,105.23999786376953
2026-06-05 18:30:00+00:00,105.20999908447266
2026-06-05 18:31:00+00:00,105.16999816894531
2026-06-05 18:32:00+00:00,105.0999984741211
2026-06-05 18:33:00+00:00,105.13500213623047
2026-06-05 18:35:00+00:00,105.1050033569336
2026-06-05 18:36:00+00:00,105.11000061035156
2026-06-05 18:37:00+00:00,105.0999984741211
2026-06-05 18:39:00+00:00,105.13999938964844
2026-06-05 18:40:00+00:00,105.1449966430664
2026-06-05 18:41:00+00:00,105.1500015258789
2026-06-05 18:42:00+00:00,105.15499877929688
2026-06-05 18:43:00+00:00,105.13249969482422
2026-06-05 18:44:00+00:00,104.9749984741211
2026-06-05 18:45:00+00:00,104.87999725341797
2026-06-05 18:46:00+00:00,104.73999786376953
2026-06-05 18:47:00+00:00,104.44999694824219
2026-06-05 18:48:00+00:00,104.30000305175781
2026-06-05 18:49:00+00:00,104.2699966430664
2026-06-05 18:50:00+00:00,104.17500305175781
2026-06-05 18:51:00+00:00,104.16500091552734
2026-06-05 18:52:00+00:00,104.15499877929688
2026-06-05 18:54:00+00:00,103.95500183105469
2026-06-05 18:55:00+00:00,103.86499786376953
2026-06-05 18:56:00+00:00,104.05249786376953
2026-06-05 18:57:00+00:00,104.0
2026-06-05 18:58:00+00:00,103.9000015258789
2026-06-05 18:59:00+00:00,103.80999755859375
2026-06-05 19:00:00+00:00,103.83499908447266
2026-06-05 19:01:00+00:00,103.8499984741211
2026-06-05 19:02:00+00:00,103.96499633789062
2026-06-05 19:03:00+00:00,103.93000030517578
2026-06-05 19:04:00+00:00,103.94999694824219
2026-06-05 19:05:00+00:00,103.87000274658203
2026-06-05 19:06:00+00:00,103.79499816894531
2026-06-05 19:07:00+00:00,103.76499938964844
2026-06-05 19:08:00+00:00,103.76000213623047
2026-06-05 19:09:00+00:00,103.7300033569336
2026-06-05 19:10:00+00:00,103.76000213623047
2026-06-05 19:11:00+00:00,103.80000305175781
2026-06-05 19:12:00+00:00,103.62000274658203
2026-06-05 19:13:00+00:00,103.69499969482422
2026-06-05 19:14:00+00:00,103.72000122070312
2026-06-05 19:15:00+00:00,103.62000274658203
2026-06-05 19:16:00+00:00,103.68000030517578
2026-06-05 19:17:00+00:00,103.61499786376953
2026-06-05 19:18:00+00:00,103.72000122070312
2026-06-05 19:20:00+00:00,103.56999969482422
2026-06-05 19:22:00+00:00,103.62999725341797
2026-06-05 19:23:00+00:00,103.63500213623047
2026-06-05 19:26:00+00:00,103.66000366210938
2026-06-05 19:27:00+00:00,103.75
2026-06-05 19:28:00+00:00,103.80000305175781
2026-06-05 19:30:00+00:00,103.80999755859375
2026-06-05 19:31:00+00:00,103.81500244140625
2026-06-05 19:32:00+00:00,103.87999725341797
2026-06-05 19:33:00+00:00,103.97000122070312
2026-06-05 19:34:00+00:00,104.0
2026-06-05 19:35:00+00:00,103.87000274658203
2026-06-05 19:36:00+00:00,103.90499877929688
2026-06-05 19:37:00+00:00,103.83000183105469
2026-06-05 19:38:00+00:00,103.93499755859375
2026-06-05 19:39:00+00:00,104.03500366210938
2026-06-05 19:40:00+00:00,104.02999877929688
2026-06-05 19:41:00+00:00,103.94000244140625
2026-06-05 19:43:00+00:00,103.93000030517578
2026-06-05 19:44:00+00:00,103.94999694824219
2026-06-05 19:45:00+00:00,103.91999816894531
2026-06-05 19:46:00+00:00,103.96499633789062
2026-06-05 19:47:00+00:00,104.12999725341797
2026-06-05 19:48:00+00:00,104.4000015258789
2026-06-05 19:49:00+00:00,104.4800033569336
2026-06-05 19:50:00+00:00,104.44999694824219
2026-06-05 19:51:00+00:00,104.48999786376953
2026-06-05 19:52:00+00:00,104.67500305175781
2026-06-05 19:53:00+00:00,104.6500015258789
2026-06-05 19:54:00+00:00,104.7300033569336
2026-06-05 19:55:00+00:00,104.69999694824219
2026-06-05 19:56:00+00:00,104.5999984741211
2026-06-05 19:57:00+00:00,104.62000274658203
2026-06-05 19:58:00+00:00,104.5999984741211
2026-06-05 19:59:00+00:00,104.51000213623047
